seqnames,start,end,width,gen,ID,study
chr4,49278380,49321922,43543,duplication_inverted,chimpanzee,BioNano
chr4,49287218,49317765,30548,duplication_inverted,chimpanzee,BioNano
chr4,190068459,190075049,6591,duplication_inverted,chimpanzee,BioNano
chr4,190071756,190075049,3294,duplication_inverted,chimpanzee,BioNano
chr4,190068459,190078342,9884,duplication_inverted,chimpanzee,BioNano
chr4,190068459,190091529,23071,duplication_inverted,chimpanzee,BioNano
chr4,190068459,190091529,23071,duplication_inverted,chimpanzee,BioNano
chr6,64535703,64626189,90487,duplication_inverted,chimpanzee,BioNano
chr6,64686521,65087944,401424,duplication_inverted,chimpanzee,BioNano
chr7,63244669,63295529,50861,duplication_inverted,chimpanzee,BioNano
chr8,7711632,7733536,21905,duplication_inverted,chimpanzee,BioNano
chr9,113074326,113090655,16330,duplication_inverted,chimpanzee,BioNano
chr9,113060890,113085215,24326,duplication_inverted,chimpanzee,BioNano
chr9,113060890,113077233,16344,duplication_inverted,chimpanzee,BioNano
chr9,113068879,113090655,21777,duplication_inverted,chimpanzee,BioNano
chr10,39692917,39745402,52486,duplication_inverted,chimpanzee,BioNano
chr10,39687138,39693596,6459,duplication_inverted,chimpanzee,BioNano
chr10,39925658,39935506,9849,duplication_inverted,chimpanzee,BioNano
chr10,39724524,39729959,5436,duplication_inverted,chimpanzee,BioNano
chr10,39724524,39766658,42135,duplication_inverted,chimpanzee,BioNano
chr10,39829657,39836976,7320,duplication_inverted,chimpanzee,BioNano
chr10,39833241,39866535,33295,duplication_inverted,chimpanzee,BioNano
chr10,50094922,50150831,55910,duplication_inverted,chimpanzee,BioNano
chr10,50106557,50169135,62579,duplication_inverted,chimpanzee,BioNano
chr10,133667675,133700615,32941,duplication_inverted,chimpanzee,BioNano
chr10,133667675,133680893,13219,duplication_inverted,chimpanzee,BioNano
chr10,133684192,133757082,72891,duplication_inverted,chimpanzee,BioNano
chr10,133684192,133750473,66282,duplication_inverted,chimpanzee,BioNano
chr10,133619264,133760381,141118,duplication_inverted,chimpanzee,BioNano
chr10,133747164,133760381,13218,duplication_inverted,chimpanzee,BioNano
chr10,133747164,133760381,13218,duplication_inverted,chimpanzee,BioNano
chr11,89619294,89861838,242545,duplication_inverted,chimpanzee,BioNano
chr15,17257820,17264812,6993,duplication_inverted,chimpanzee,BioNano
chr15,17257820,17264812,6993,duplication_inverted,chimpanzee,BioNano
chr16,2131291,2152644,21354,duplication_inverted,chimpanzee,BioNano
chr17,20611152,20683271,72120,duplication_inverted,chimpanzee,BioNano
chr20,26587889,26590608,2720,duplication_inverted,chimpanzee,BioNano
chr20,26577113,26590608,13496,duplication_inverted,chimpanzee,BioNano
chr23,52594630,52646877,52248,duplication_inverted,chimpanzee,BioNano
chr23,149789364,149928317,138954,duplication_inverted,chimpanzee,BioNano
chr23,52776799,52823059,46261,duplication_inverted,chimpanzee,BioNano
chr23,56769878,56780682,10805,duplication_inverted,chimpanzee,BioNano
chr23,56763995,56778531,14537,duplication_inverted,chimpanzee,BioNano
chr23,115872291,115882229,9939,duplication_inverted,chimpanzee,BioNano
chr23,135867395,135949325,81931,duplication_inverted,chimpanzee,BioNano
chr24,21355725,21452029,96305,duplication_inverted,chimpanzee,BioNano
chr1,113137503,120466003,7328501,inversion,chimpanzee,BioNano
chr1,145459421,147073537,1614117,inversion,chimpanzee,BioNano
chr1,248910242,248910242,1,inversion,chimpanzee,BioNano
chr1,16517793,16521134,3342,inversion,chimpanzee,BioNano
chr1,152860935,152932477,71543,inversion,chimpanzee,BioNano
chr1,248172260,248910242,737983,inversion,chimpanzee,BioNano
chr2,91572256,94577864,3005609,inversion,chimpanzee,BioNano
chr2,94200696,94580387,379692,inversion,chimpanzee,BioNano
chr2,99489073,102318442,2829370,inversion,chimpanzee,BioNano
chr2,97346406,97362094,15689,inversion,chimpanzee,BioNano
chr2,106450159,109128245,2678087,inversion,chimpanzee,BioNano
chr2,236684286,236740231,55946,inversion,chimpanzee,BioNano
chr2,130001520,131587652,1586133,inversion,chimpanzee,BioNano
chr2,130001520,131575039,1573520,inversion,chimpanzee,BioNano
chr2,130402711,131325314,922604,inversion,chimpanzee,BioNano
chr2,211566485,211604047,37563,inversion,chimpanzee,BioNano
chr2,214557314,214680433,123120,inversion,chimpanzee,BioNano
chr2,231984626,232085431,100806,inversion,chimpanzee,BioNano
chr2,236689440,236764029,74590,inversion,chimpanzee,BioNano
chr5,69503495,71083369,1579875,inversion,chimpanzee,BioNano
chr5,70698326,71311327,613002,inversion,chimpanzee,BioNano
chr5,86279900,86390841,110942,inversion,chimpanzee,BioNano
chr5,99513801,100084726,570926,inversion,chimpanzee,BioNano
chr5,17523435,17654010,130576,inversion,chimpanzee,BioNano
chr5,70843273,71150283,307011,inversion,chimpanzee,BioNano
chr6,62408066,62493692,85627,inversion,chimpanzee,BioNano
chr6,64626189,66110587,1484399,inversion,chimpanzee,BioNano
chr6,64686521,65343643,657123,inversion,chimpanzee,BioNano
chr7,5973600,6751185,777586,inversion,chimpanzee,BioNano
chr7,53023844,53893257,869414,inversion,chimpanzee,BioNano
chr7,65120279,65481931,361653,inversion,chimpanzee,BioNano
chr7,39531071,43979271,4448201,inversion,chimpanzee,BioNano
chr7,74870697,75076046,205350,inversion,chimpanzee,BioNano
chr7,74931183,75380908,449726,inversion,chimpanzee,BioNano
chr8,7380628,7931257,550630,inversion,chimpanzee,BioNano
chr8,7763615,12183557,4419943,inversion,chimpanzee,BioNano
chr8,12293043,12665960,372918,inversion,chimpanzee,BioNano
chr9,39914373,41549214,1634842,inversion,chimpanzee,BioNano
chr9,41335603,41459210,123608,inversion,chimpanzee,BioNano
chr9,42634598,42659652,25055,inversion,chimpanzee,BioNano
chr9,63982106,68328721,4346616,inversion,chimpanzee,BioNano
chr9,92086729,92203912,117184,inversion,chimpanzee,BioNano
chr9,113093350,113093350,1,inversion,chimpanzee,BioNano
chr9,113060890,113074326,13437,inversion,chimpanzee,BioNano
chr10,39693596,39935506,241911,inversion,chimpanzee,BioNano
chr10,39751368,39935506,184139,inversion,chimpanzee,BioNano
chr10,39799767,39887625,87859,inversion,chimpanzee,BioNano
chr10,39733018,39836976,103959,inversion,chimpanzee,BioNano
chr10,46098633,46758804,660172,inversion,chimpanzee,BioNano
chr10,46648145,46815964,167820,inversion,chimpanzee,BioNano
chr10,46771705,46815964,44260,inversion,chimpanzee,BioNano
chr10,50010761,50167027,156267,inversion,chimpanzee,BioNano
chr10,50069206,50169135,99930,inversion,chimpanzee,BioNano
chr10,79492815,80241264,748450,inversion,chimpanzee,BioNano
chr10,133743854,133760381,16528,inversion,chimpanzee,BioNano
chr10,133684192,133760381,76190,inversion,chimpanzee,BioNano
chr11,50129394,50328594,199201,inversion,chimpanzee,BioNano
chr12,9210138,9406867,196730,inversion,chimpanzee,BioNano
chr12,9327685,9404313,76629,inversion,chimpanzee,BioNano
chr12,17766206,17857845,91640,inversion,chimpanzee,BioNano
chr12,47455518,47525068,69551,inversion,chimpanzee,BioNano
chr13,45374712,46469978,1095267,inversion,chimpanzee,BioNano
chr13,52175694,52471306,295613,inversion,chimpanzee,BioNano
chr13,52197312,52507906,310595,inversion,chimpanzee,BioNano
chr15,20295652,21586507,1290856,inversion,chimpanzee,BioNano
chr15,22670803,23499152,828350,inversion,chimpanzee,BioNano
chr15,28710617,30084754,1374138,inversion,chimpanzee,BioNano
chr15,37597629,37667260,69632,inversion,chimpanzee,BioNano
chr15,82364305,82525428,161124,inversion,chimpanzee,BioNano
chr15,84419296,85195705,776410,inversion,chimpanzee,BioNano
chr16,14725133,15078228,353096,inversion,chimpanzee,BioNano
chr16,14928407,15364813,436407,inversion,chimpanzee,BioNano
chr16,21790196,22428654,638459,inversion,chimpanzee,BioNano
chr16,21538422,22546300,1007879,inversion,chimpanzee,BioNano
chr16,22746058,28395107,5649050,inversion,chimpanzee,BioNano
chr16,31498811,33651198,2152388,inversion,chimpanzee,BioNano
chr16,31939978,33651198,1711221,inversion,chimpanzee,BioNano
chr16,32268734,33056118,787385,inversion,chimpanzee,BioNano
chr16,32348274,33554314,1206041,inversion,chimpanzee,BioNano
chr16,33010513,33843885,833373,inversion,chimpanzee,BioNano
chr16,70044383,74399560,4355178,inversion,chimpanzee,BioNano
chr16,1833404,2168281,334878,inversion,chimpanzee,BioNano
chr16,14689600,15360019,670420,inversion,chimpanzee,BioNano
chr16,28472870,28597897,125028,inversion,chimpanzee,BioNano
chr16,28472870,28756436,283567,inversion,chimpanzee,BioNano
chr16,28320589,28793801,473213,inversion,chimpanzee,BioNano
chr16,28703790,28936010,232221,inversion,chimpanzee,BioNano
chr16,28785856,30209618,1423763,inversion,chimpanzee,BioNano
chr17,15820873,20902275,5081403,inversion,chimpanzee,BioNano
chr17,18051458,20731363,2679906,inversion,chimpanzee,BioNano
chr17,21309025,21778920,469896,inversion,chimpanzee,BioNano
chr17,21696770,22054134,357365,inversion,chimpanzee,BioNano
chr17,45500187,46989419,1489233,inversion,chimpanzee,BioNano
chr17,60118955,62351187,2232233,inversion,chimpanzee,BioNano
chr17,15752576,18632339,2879764,inversion,chimpanzee,BioNano
chr17,16828546,18449000,1620455,inversion,chimpanzee,BioNano
chr17,18591046,20286153,1695108,inversion,chimpanzee,BioNano
chr17,45508501,46512106,1003606,inversion,chimpanzee,BioNano
chr18,16090927,16257040,166114,inversion,chimpanzee,BioNano
chr18,19192216,19200347,8132,inversion,chimpanzee,BioNano
chr19,1825056,1847997,22942,inversion,chimpanzee,BioNano
chr19,20603795,20923312,319518,inversion,chimpanzee,BioNano
chr19,36273862,37374612,1100751,inversion,chimpanzee,BioNano
chr20,25750482,26062756,312275,inversion,chimpanzee,BioNano
chr20,30399885,30744100,344216,inversion,chimpanzee,BioNano
chr20,61537662,61595049,57388,inversion,chimpanzee,BioNano
chr22,21084827,21563541,478715,inversion,chimpanzee,BioNano
chr23,52074439,52179650,105212,inversion,chimpanzee,BioNano
chr23,135160305,135212222,51918,inversion,chimpanzee,BioNano
chr23,155303297,155522311,219015,inversion,chimpanzee,BioNano
chr23,115873265,116406764,533500,inversion,chimpanzee,BioNano
chr23,135178213,135194728,16516,inversion,chimpanzee,BioNano
chr23,135607344,135946452,339109,inversion,chimpanzee,BioNano
chr23,135719601,135867395,147795,inversion,chimpanzee,BioNano
chr24,12201766,16552070,4350305,inversion,chimpanzee,BioNano
chr24,14305963,15775358,1469396,inversion,chimpanzee,BioNano
chr24,22489412,23706134,1216723,inversion,chimpanzee,BioNano
chr1,113476940,146066530,32589591,translocation_intrachr,chimpanzee,BioNano
chr4,44785357,84998863,40213507,translocation_intrachr,chimpanzee,BioNano
chr4,44811189,85045320,40234132,translocation_intrachr,chimpanzee,BioNano
chr4,44811986,85173826,40361841,translocation_intrachr,chimpanzee,BioNano
chr5,18494817,96583343,78088527,translocation_intrachr,chimpanzee,BioNano
chr5,18555191,96583343,78028153,translocation_intrachr,chimpanzee,BioNano
chr5,18440493,96561775,78121283,translocation_intrachr,chimpanzee,BioNano
chr6,26980479,57773764,30793286,translocation_intrachr,chimpanzee,BioNano
chr7,67290388,75629650,8339263,translocation_intrachr,chimpanzee,BioNano
chr12,20884267,68004623,47120357,translocation_intrachr,chimpanzee,BioNano
chr16,35144660,46474920,11330261,translocation_intrachr,chimpanzee,BioNano
chr16,21301414,29309017,8007604,translocation_intrachr,chimpanzee,BioNano
chr16,22746058,28472870,5726813,translocation_intrachr,chimpanzee,BioNano
chr17,8024329,49530956,41506628,translocation_intrachr,chimpanzee,BioNano
chr17,8057808,49551340,41493533,translocation_intrachr,chimpanzee,BioNano
chr18,181861,20954201,20772341,translocation_intrachr,chimpanzee,BioNano
chr2,94657391,95108319,450929,duplication_inverted,bonobo,BioNano
chr2,94659077,94850967,191891,duplication_inverted,bonobo,BioNano
chr4,9341516,9365242,23727,duplication_inverted,bonobo,BioNano
chr4,9212770,9245992,33223,duplication_inverted,bonobo,BioNano
chr4,9341516,9365242,23727,duplication_inverted,bonobo,BioNano
chr4,9212770,9245992,33223,duplication_inverted,bonobo,BioNano
chr4,9341516,9365242,23727,duplication_inverted,bonobo,BioNano
chr4,9212770,9241243,28474,duplication_inverted,bonobo,BioNano
chr4,9212770,9227009,14240,duplication_inverted,bonobo,BioNano
chr6,64716835,64768903,52069,duplication_inverted,bonobo,BioNano
chr6,26763768,26934349,170582,duplication_inverted,bonobo,BioNano
chr6,57805365,57838614,33250,duplication_inverted,bonobo,BioNano
chr6,64526240,64634215,107976,duplication_inverted,bonobo,BioNano
chr7,63250225,63295529,45305,duplication_inverted,bonobo,BioNano
chr7,5854871,5878526,23656,duplication_inverted,bonobo,BioNano
chr8,7741183,7771775,30593,duplication_inverted,bonobo,BioNano
chr8,7771775,7787571,15797,duplication_inverted,bonobo,BioNano
chr10,39735397,39754424,19028,duplication_inverted,bonobo,BioNano
chr10,39819655,39829657,10003,duplication_inverted,bonobo,BioNano
chr10,39735397,39754424,19028,duplication_inverted,bonobo,BioNano
chr10,87484347,87488006,3660,duplication_inverted,bonobo,BioNano
chr10,133658844,133713884,55041,duplication_inverted,bonobo,BioNano
chr10,133743854,133760381,16528,duplication_inverted,bonobo,BioNano
chr10,133658055,133677583,19529,duplication_inverted,bonobo,BioNano
chr10,133667675,133680893,13219,duplication_inverted,bonobo,BioNano
chr10,133667675,133680893,13219,duplication_inverted,bonobo,BioNano
chr10,133658844,133667675,8832,duplication_inverted,bonobo,BioNano
chr10,133667675,133677583,9909,duplication_inverted,bonobo,BioNano
chr16,2121851,2152644,30794,duplication_inverted,bonobo,BioNano
chr18,16727884,16740272,12389,duplication_inverted,bonobo,BioNano
chr20,26438629,26482962,44334,duplication_inverted,bonobo,BioNano
chr20,26544136,26550255,6120,duplication_inverted,bonobo,BioNano
chr23,115843702,115979165,135464,duplication_inverted,bonobo,BioNano
chr23,149789364,149887431,98068,duplication_inverted,bonobo,BioNano
chr23,49532399,49599242,66844,duplication_inverted,bonobo,BioNano
chr23,49530342,49597185,66844,duplication_inverted,bonobo,BioNano
chr23,135867395,135946699,79305,duplication_inverted,bonobo,BioNano
chr1,145582235,147073537,1491303,inversion,bonobo,BioNano
chr1,146066530,149055868,2989339,inversion,bonobo,BioNano
chr1,157365542,157512701,147160,inversion,bonobo,BioNano
chr1,24992761,25020681,27921,inversion,bonobo,BioNano
chr1,25249693,25389061,139369,inversion,bonobo,BioNano
chr1,25272677,25358025,85349,inversion,bonobo,BioNano
chr1,109341582,113152468,3810887,inversion,bonobo,BioNano
chr1,113274263,120205932,6931670,inversion,bonobo,BioNano
chr1,144490492,149647135,5156644,inversion,bonobo,BioNano
chr1,146054588,148361762,2307175,inversion,bonobo,BioNano
chr2,88729257,90201750,1472494,inversion,bonobo,BioNano
chr2,97056440,97499021,442582,inversion,bonobo,BioNano
chr2,99489073,102340675,2851603,inversion,bonobo,BioNano
chr2,106459712,109128245,2668534,inversion,bonobo,BioNano
chr2,109858396,110513105,654710,inversion,bonobo,BioNano
chr2,110639188,110680543,41356,inversion,bonobo,BioNano
chr2,130446801,131177462,730662,inversion,bonobo,BioNano
chr2,130587080,130726031,138952,inversion,bonobo,BioNano
chr2,130001520,131534595,1533076,inversion,bonobo,BioNano
chr2,130233670,131534560,1300891,inversion,bonobo,BioNano
chr4,9245992,9250743,4752,inversion,bonobo,BioNano
chr4,9222265,9227009,4745,inversion,bonobo,BioNano
chr4,40011596,40015103,3508,inversion,bonobo,BioNano
chr5,69590993,71036875,1445883,inversion,bonobo,BioNano
chr5,70698326,71311327,613002,inversion,bonobo,BioNano
chr5,99513801,100112348,598548,inversion,bonobo,BioNano
chr5,70843273,71150283,307011,inversion,bonobo,BioNano
chr6,64626189,65686134,1059946,inversion,bonobo,BioNano
chr6,64689500,65081848,392349,inversion,bonobo,BioNano
chr6,167172124,167413737,241614,inversion,bonobo,BioNano
chr6,167172124,167645683,473560,inversion,bonobo,BioNano
chr7,39546602,44030646,4484045,inversion,bonobo,BioNano
chr7,53112055,53893257,781203,inversion,bonobo,BioNano
chr7,65120279,65659998,539720,inversion,bonobo,BioNano
chr7,74822393,75123544,301152,inversion,bonobo,BioNano
chr7,74897057,75331248,434192,inversion,bonobo,BioNano
chr7,81276103,81317695,41593,inversion,bonobo,BioNano
chr7,149990948,154105921,4114974,inversion,bonobo,BioNano
chr7,5984358,6740314,755957,inversion,bonobo,BioNano
chr7,67322998,71710289,4387292,inversion,bonobo,BioNano
chr7,74870697,75074168,203472,inversion,bonobo,BioNano
chr8,7397982,7913608,515627,inversion,bonobo,BioNano
chr8,7586046,12668306,5082261,inversion,bonobo,BioNano
chr9,39914373,41549214,1634842,inversion,bonobo,BioNano
chr9,40806022,41459210,653189,inversion,bonobo,BioNano
chr9,63982106,68328721,4346616,inversion,bonobo,BioNano
chr9,34810539,34894147,83609,inversion,bonobo,BioNano
chr10,46098633,47579489,1480857,inversion,bonobo,BioNano
chr10,46098633,46758804,660172,inversion,bonobo,BioNano
chr10,79494576,80228816,734241,inversion,bonobo,BioNano
chr10,46648145,47694136,1045992,inversion,bonobo,BioNano
chr10,46753427,46821382,67956,inversion,bonobo,BioNano
chr10,133609573,133677583,68011,inversion,bonobo,BioNano
chr10,133684192,133743854,59663,inversion,bonobo,BioNano
chr11,50119037,50334286,215250,inversion,bonobo,BioNano
chr12,9328544,9587115,258572,inversion,bonobo,BioNano
chr13,45374712,46469978,1095267,inversion,bonobo,BioNano
chr13,52223690,52507906,284217,inversion,bonobo,BioNano
chr13,113267316,113279933,12618,inversion,bonobo,BioNano
chr15,28289516,30096063,1806548,inversion,bonobo,BioNano
chr15,28321302,28386218,64917,inversion,bonobo,BioNano
chr15,47143719,47175021,31303,inversion,bonobo,BioNano
chr15,82364305,82504719,140415,inversion,bonobo,BioNano
chr15,82469451,84476728,2007278,inversion,bonobo,BioNano
chr16,1833404,2147161,313758,inversion,bonobo,BioNano
chr16,14725133,15078228,353096,inversion,bonobo,BioNano
chr16,14969319,15478870,509552,inversion,bonobo,BioNano
chr16,21793876,22419898,626023,inversion,bonobo,BioNano
chr16,21444332,22546300,1101969,inversion,bonobo,BioNano
chr16,28340259,29613158,1272900,inversion,bonobo,BioNano
chr16,31925112,34020329,2095218,inversion,bonobo,BioNano
chr16,32271993,32657748,385756,inversion,bonobo,BioNano
chr16,32322737,33960020,1637284,inversion,bonobo,BioNano
chr16,33011734,33209352,197619,inversion,bonobo,BioNano
chr16,33010513,33843885,833373,inversion,bonobo,BioNano
chr16,70049954,74399560,4349607,inversion,bonobo,BioNano
chr16,14832824,18655199,3822376,inversion,bonobo,BioNano
chr16,16571257,18782329,2211073,inversion,bonobo,BioNano
chr16,18724108,18732173,8066,inversion,bonobo,BioNano
chr16,22428654,22428654,1,inversion,bonobo,BioNano
chr16,22746058,28472870,5726813,inversion,bonobo,BioNano
chr16,28340259,28756436,416178,inversion,bonobo,BioNano
chr16,28472870,29037173,564304,inversion,bonobo,BioNano
chr16,28775752,28934036,158285,inversion,bonobo,BioNano
chr17,15753582,16797969,1044388,inversion,bonobo,BioNano
chr17,21342395,21745625,403231,inversion,bonobo,BioNano
chr17,45508501,46551923,1043423,inversion,bonobo,BioNano
chr17,59964536,60134280,169745,inversion,bonobo,BioNano
chr17,15752576,18632339,2879764,inversion,bonobo,BioNano
chr17,16810143,20895075,4084933,inversion,bonobo,BioNano
chr17,18097902,20732202,2634301,inversion,bonobo,BioNano
chr18,16200521,19886417,3685897,inversion,bonobo,BioNano
chr18,17122116,19282538,2160423,inversion,bonobo,BioNano
chr19,1825056,1847997,22942,inversion,bonobo,BioNano
chr19,11665221,11675477,10257,inversion,bonobo,BioNano
chr20,25750482,25994985,244504,inversion,bonobo,BioNano
chr20,50796727,50808145,11419,inversion,bonobo,BioNano
chr22,22302408,23706439,1404032,inversion,bonobo,BioNano
chr22,21428460,21507337,78878,inversion,bonobo,BioNano
chr22,21535449,21554104,18656,inversion,bonobo,BioNano
chr23,52074439,52179650,105212,inversion,bonobo,BioNano
chr23,52913558,52929056,15499,inversion,bonobo,BioNano
chr23,120079477,120224022,144546,inversion,bonobo,BioNano
chr23,120057675,120156821,99147,inversion,bonobo,BioNano
chr23,135160305,135212222,51918,inversion,bonobo,BioNano
chr23,149553034,149887431,334398,inversion,bonobo,BioNano
chr23,154589035,154615384,26350,inversion,bonobo,BioNano
chr23,102186451,102499994,313544,inversion,bonobo,BioNano
chr23,135642281,135946452,304172,inversion,bonobo,BioNano
chr23,135178213,135194728,16516,inversion,bonobo,BioNano
chr23,135719601,135867395,147795,inversion,bonobo,BioNano
chr23,149593658,149775718,182061,inversion,bonobo,BioNano
chr23,154345403,154386706,41304,inversion,bonobo,BioNano
chr1,113476940,146066530,32589591,translocation_intrachr,bonobo,BioNano
chr2,121604092,151289563,29685472,translocation_intrachr,bonobo,BioNano
chr2,121657149,151289023,29631875,translocation_intrachr,bonobo,BioNano
chr2,121685236,151291565,29606330,translocation_intrachr,bonobo,BioNano
chr4,44785357,85003097,40217741,translocation_intrachr,bonobo,BioNano
chr4,44811189,85045320,40234132,translocation_intrachr,bonobo,BioNano
chr5,18555191,96597172,78041982,translocation_intrachr,bonobo,BioNano
chr5,18447005,96576452,78129448,translocation_intrachr,bonobo,BioNano
chr5,19004595,96585898,77581304,translocation_intrachr,bonobo,BioNano
chr6,26980479,57784871,30804393,translocation_intrachr,bonobo,BioNano
chr12,20894298,68009574,47115277,translocation_intrachr,bonobo,BioNano
chr12,20817823,67990825,47173003,translocation_intrachr,bonobo,BioNano
chr17,8024329,49530956,41506628,translocation_intrachr,bonobo,BioNano
chr17,8057808,49551340,41493533,translocation_intrachr,bonobo,BioNano
chr18,155849,20940425,20784577,translocation_intrachr,bonobo,BioNano
chr1,248598704,248662867,64164,duplication_inverted,gorilla,BioNano
chr5,37084012,37222397,138386,duplication_inverted,gorilla,BioNano
chr7,61127111,61132579,5469,duplication_inverted,gorilla,BioNano
chr13,57143300,57163014,19715,duplication_inverted,gorilla,BioNano
chr20,26098899,26189840,90942,duplication_inverted,gorilla,BioNano
chr23,122682282,122738012,55731,duplication_inverted,gorilla,BioNano
chr1,12777473,13242763,465291,inversion,gorilla,BioNano
chr1,13179033,13347466,168434,inversion,gorilla,BioNano
chr1,25330499,25371303,40805,inversion,gorilla,BioNano
chr1,108245694,108344340,98647,inversion,gorilla,BioNano
chr1,108269580,108424793,155214,inversion,gorilla,BioNano
chr1,109349688,113173345,3823658,inversion,gorilla,BioNano
chr1,120484979,121405587,920609,inversion,gorilla,BioNano
chr1,145591688,147323671,1731984,inversion,gorilla,BioNano
chr1,147356322,147938131,581810,inversion,gorilla,BioNano
chr1,147014759,148210202,1195444,inversion,gorilla,BioNano
chr1,219873623,227986029,8112407,inversion,gorilla,BioNano
chr1,228060785,236469593,8408809,inversion,gorilla,BioNano
chr1,242654379,248164169,5509791,inversion,gorilla,BioNano
chr2,89178236,106370933,17192698,inversion,gorilla,BioNano
chr2,91580067,91975671,395605,inversion,gorilla,BioNano
chr2,94936231,95032427,96197,inversion,gorilla,BioNano
chr2,106462405,113386395,6923991,inversion,gorilla,BioNano
chr2,106462405,107833526,1371122,inversion,gorilla,BioNano
chr2,130218487,131455983,1237497,inversion,gorilla,BioNano
chr2,130393446,131185347,791902,inversion,gorilla,BioNano
chr3,20227151,20264245,37095,inversion,gorilla,BioNano
chr4,3875061,9108857,5233797,inversion,gorilla,BioNano
chr4,49051258,63009252,13957995,inversion,gorilla,BioNano
chr4,131788230,132233064,444835,inversion,gorilla,BioNano
chr4,174761083,174782592,21510,inversion,gorilla,BioNano
chr5,8086098,8162676,76579,inversion,gorilla,BioNano
chr5,28908455,34064825,5156371,inversion,gorilla,BioNano
chr5,34064825,37222397,3157573,inversion,gorilla,BioNano
chr5,28894132,37417635,8523504,inversion,gorilla,BioNano
chr5,69609796,71018072,1408277,inversion,gorilla,BioNano
chr5,70862183,71131330,269148,inversion,gorilla,BioNano
chr5,99461399,100056789,595391,inversion,gorilla,BioNano
chr5,99583413,100405708,822296,inversion,gorilla,BioNano
chr6,64596725,65921804,1325080,inversion,gorilla,BioNano
chr6,64454718,65046022,591305,inversion,gorilla,BioNano
chr6,103897995,103960672,62678,inversion,gorilla,BioNano
chr7,5979484,6745289,765806,inversion,gorilla,BioNano
chr7,26911273,27004329,93057,inversion,gorilla,BioNano
chr7,39382127,44008330,4626204,inversion,gorilla,BioNano
chr7,53183034,53892796,709763,inversion,gorilla,BioNano
chr7,57607828,57809610,201783,inversion,gorilla,BioNano
chr7,74825360,75120579,295220,inversion,gorilla,BioNano
chr7,75521168,76823774,1302607,inversion,gorilla,BioNano
chr7,102260193,102605330,345138,inversion,gorilla,BioNano
chr8,7078948,12086575,5007628,inversion,gorilla,BioNano
chr8,7789916,8060871,270956,inversion,gorilla,BioNano
chr8,16285396,16306907,21512,inversion,gorilla,BioNano
chr9,32226928,32267028,40101,inversion,gorilla,BioNano
chr9,32202542,68310629,36108088,inversion,gorilla,BioNano
chr9,33558213,39398924,5840712,inversion,gorilla,BioNano
chr9,38331347,39476275,1144929,inversion,gorilla,BioNano
chr9,39948225,42397014,2448790,inversion,gorilla,BioNano
chr10,27288100,56629169,29341070,inversion,gorilla,BioNano
chr10,45702207,45823928,121722,inversion,gorilla,BioNano
chr10,45875297,49960781,4085485,inversion,gorilla,BioNano
chr10,46210563,46757769,547207,inversion,gorilla,BioNano
chr10,46835938,48060267,1224330,inversion,gorilla,BioNano
chr10,47582636,48048530,465895,inversion,gorilla,BioNano
chr10,130297498,130622654,325157,inversion,gorilla,BioNano
chr11,24984202,25019730,35529,inversion,gorilla,BioNano
chr11,49665810,50283917,618108,inversion,gorilla,BioNano
chr11,89774864,89915449,140586,inversion,gorilla,BioNano
chr11,89794012,90091585,297574,inversion,gorilla,BioNano
chr11,109283924,109463582,179659,inversion,gorilla,BioNano
chr11,109311195,109542432,231238,inversion,gorilla,BioNano
chr12,17755621,17859681,104061,inversion,gorilla,BioNano
chr12,21106411,49077487,27971077,inversion,gorilla,BioNano
chr12,47448724,47511314,62591,inversion,gorilla,BioNano
chr13,45353644,46456544,1102901,inversion,gorilla,BioNano
chr13,52221979,52476700,254722,inversion,gorilla,BioNano
chr13,52307268,52505311,198044,inversion,gorilla,BioNano
chr14,40294651,40906017,611367,inversion,gorilla,BioNano
chr14,40470631,40929138,458508,inversion,gorilla,BioNano
chr15,20225712,23348707,3122996,inversion,gorilla,BioNano
chr15,23348707,23499102,150396,inversion,gorilla,BioNano
chr15,74720922,74756724,35803,inversion,gorilla,BioNano
chr15,82388420,84959583,2571164,inversion,gorilla,BioNano
chr16,11703495,11982394,278900,inversion,gorilla,BioNano
chr16,11766242,16303898,4537657,inversion,gorilla,BioNano
chr16,14905245,16094277,1189033,inversion,gorilla,BioNano
chr16,15924891,16173852,248962,inversion,gorilla,BioNano
chr16,16203775,17673201,1469427,inversion,gorilla,BioNano
chr16,16756832,18602403,1845572,inversion,gorilla,BioNano
chr16,21292031,22478974,1186944,inversion,gorilla,BioNano
chr16,21505521,22433445,927925,inversion,gorilla,BioNano
chr16,21751764,22478974,727211,inversion,gorilla,BioNano
chr16,32184536,32339634,155099,inversion,gorilla,BioNano
chr16,32339634,33889855,1550222,inversion,gorilla,BioNano
chr16,57552519,57597252,44734,inversion,gorilla,BioNano
chr17,16789629,18686432,1896804,inversion,gorilla,BioNano
chr17,21672763,22045737,372975,inversion,gorilla,BioNano
chr17,31212997,37883767,6670771,inversion,gorilla,BioNano
chr17,45529279,46284336,755058,inversion,gorilla,BioNano
chr17,45450344,45587109,136766,inversion,gorilla,BioNano
chr17,46168896,46494698,325803,inversion,gorilla,BioNano
chr18,63349877,63409540,59664,inversion,gorilla,BioNano
chr19,37247538,37420294,172757,inversion,gorilla,BioNano
chr19,39490621,39744749,254129,inversion,gorilla,BioNano
chr20,25780817,26189840,409024,inversion,gorilla,BioNano
chr20,25780817,26098899,318083,inversion,gorilla,BioNano
chr20,28566923,29117409,550487,inversion,gorilla,BioNano
chr22,18181891,20398734,2216844,inversion,gorilla,BioNano
chr22,21040807,21248299,207493,inversion,gorilla,BioNano
chr22,20300950,21545887,1244938,inversion,gorilla,BioNano
chr22,21145833,21545887,400055,inversion,gorilla,BioNano
chr23,2997565,3716519,718955,inversion,gorilla,BioNano
chr23,52079361,52175043,95683,inversion,gorilla,BioNano
chr23,52499959,52512925,12967,inversion,gorilla,BioNano
chr23,75481359,75513913,32555,inversion,gorilla,BioNano
chr23,90906066,90940802,34737,inversion,gorilla,BioNano
chr23,103871512,104073120,201609,inversion,gorilla,BioNano
chr23,104001931,104080423,78493,inversion,gorilla,BioNano
chr23,120085567,120150731,65165,inversion,gorilla,BioNano
chr23,135592327,135670434,78108,inversion,gorilla,BioNano
chr23,135636572,135863995,227424,inversion,gorilla,BioNano
chr23,149561862,149819458,257597,inversion,gorilla,BioNano
chr23,155366834,155474410,107577,inversion,gorilla,BioNano
chr23,149597984,149771390,173407,inversion,gorilla,BioNano
chr1,104319741,113260985,8941245,translocation_intrachr,gorilla,BioNano
chr1,104418957,113385552,8966596,translocation_intrachr,gorilla,BioNano
chr1,119828381,145731949,25903569,translocation_intrachr,gorilla,BioNano
chr1,119828381,145800735,25972355,translocation_intrachr,gorilla,BioNano
chr1,215555137,239927221,24372085,translocation_intrachr,gorilla,BioNano
chr1,215555137,227969148,12414012,translocation_intrachr,gorilla,BioNano
chr1,228060785,239927221,11866437,translocation_intrachr,gorilla,BioNano
chr1,242663717,248164169,5500453,translocation_intrachr,gorilla,BioNano
chr1,242825137,248200503,5375367,translocation_intrachr,gorilla,BioNano
chr4,49051258,69146044,20094787,translocation_intrachr,gorilla,BioNano
chr5,29197914,37084012,7886099,translocation_intrachr,gorilla,BioNano
chr8,31183203,84953306,53770104,translocation_intrachr,gorilla,BioNano
chr8,31177374,85008398,53831025,translocation_intrachr,gorilla,BioNano
chr9,32341234,38364507,6023274,translocation_intrachr,gorilla,BioNano
chr10,27288100,79360748,52072649,translocation_intrachr,gorilla,BioNano
chr12,21106411,64851691,43745281,translocation_intrachr,gorilla,BioNano
chr12,21223786,64996248,43772463,translocation_intrachr,gorilla,BioNano
chr16,11766242,28321441,16555200,translocation_intrachr,gorilla,BioNano
chr16,14676862,30118349,15441488,translocation_intrachr,gorilla,BioNano
chr16,15099956,29025879,13925924,translocation_intrachr,gorilla,BioNano
chr16,15385374,28841407,13456034,translocation_intrachr,gorilla,BioNano
chr16,34965220,46469767,11504548,translocation_intrachr,gorilla,BioNano
chr17,31212997,60316214,29103218,translocation_intrachr,gorilla,BioNano
chr17,37883767,60242221,22358455,translocation_intrachr,gorilla,BioNano
chr18,144570,20930769,20786200,translocation_intrachr,gorilla,BioNano
chr2,101416005,101743388,327384,duplication_inverted,orangutan,BioNano
chr2,101385902,101461048,75147,duplication_inverted,orangutan,BioNano
chr6,160612420,160647324,34905,duplication_inverted,orangutan,BioNano
chr6,160619588,160640155,20568,duplication_inverted,orangutan,BioNano
chr6,160570825,160648122,77298,duplication_inverted,orangutan,BioNano
chr9,113063848,113080190,16343,duplication_inverted,orangutan,BioNano
chr9,113063848,113085632,21785,duplication_inverted,orangutan,BioNano
chr10,39727582,39733018,5437,duplication_inverted,orangutan,BioNano
chr10,39805729,39808782,3054,duplication_inverted,orangutan,BioNano
chr10,39922602,39934830,12229,duplication_inverted,orangutan,BioNano
chr10,39690198,39699712,9515,duplication_inverted,orangutan,BioNano
chr10,39903907,39907645,3739,duplication_inverted,orangutan,BioNano
chr12,34884460,34903811,19352,duplication_inverted,orangutan,BioNano
chr15,33526971,33562575,35605,duplication_inverted,orangutan,BioNano
chr16,69146834,69168857,22024,duplication_inverted,orangutan,BioNano
chr18,63978610,64042891,64282,duplication_inverted,orangutan,BioNano
chr20,12214807,12277540,62734,duplication_inverted,orangutan,BioNano
chr20,26456446,26465965,9520,duplication_inverted,orangutan,BioNano
chr23,120934193,120982819,48627,duplication_inverted,orangutan,BioNano
chr23,120948775,120977959,29185,duplication_inverted,orangutan,BioNano
chr23,120934193,120982819,48627,duplication_inverted,orangutan,BioNano
chr23,120973099,120982819,9721,duplication_inverted,orangutan,BioNano
chr23,120934193,120948775,14583,duplication_inverted,orangutan,BioNano
chr23,120934193,120968239,34047,duplication_inverted,orangutan,BioNano
chr23,120973099,120982819,9721,duplication_inverted,orangutan,BioNano
chr23,120934193,121002052,67860,duplication_inverted,orangutan,BioNano
chr23,120968239,120973099,4861,duplication_inverted,orangutan,BioNano
chr23,154535185,154558958,23774,duplication_inverted,orangutan,BioNano
chr2,95410270,95774062,363793,inversion,orangutan,BioNano
chr2,95678408,95965114,286707,inversion,orangutan,BioNano
chr2,101356058,101743388,387331,inversion,orangutan,BioNano
chr2,101383164,101565156,181993,inversion,orangutan,BioNano
chr2,208113522,208116823,3302,inversion,orangutan,BioNano
chr3,197346346,197370986,24641,inversion,orangutan,BioNano
chr4,3809560,8740190,4930631,inversion,orangutan,BioNano
chr5,175968297,178050250,2081954,inversion,orangutan,BioNano
chr6,148672083,148740378,68296,inversion,orangutan,BioNano
chr6,160648122,160648122,1,inversion,orangutan,BioNano
chr6,160570825,160884321,313497,inversion,orangutan,BioNano
chr6,160641770,160884321,242552,inversion,orangutan,BioNano
chr7,2541853,2778816,236964,inversion,orangutan,BioNano
chr7,2541853,2721156,179304,inversion,orangutan,BioNano
chr7,53088583,53303950,215368,inversion,orangutan,BioNano
chr7,53150960,53303950,152991,inversion,orangutan,BioNano
chr7,53190908,54701221,1510314,inversion,orangutan,BioNano
chr7,74804179,75141778,337600,inversion,orangutan,BioNano
chr7,74868042,75076046,208005,inversion,orangutan,BioNano
chr8,6844949,12866209,6021261,inversion,orangutan,BioNano
chr9,39188528,42557561,3369034,inversion,orangutan,BioNano
chr9,88022093,92933297,4911205,inversion,orangutan,BioNano
chr10,39690198,39916485,226288,inversion,orangutan,BioNano
chr10,42537434,42666805,129372,inversion,orangutan,BioNano
chr10,50214416,50791223,576808,inversion,orangutan,BioNano
chr10,50465318,50791223,325906,inversion,orangutan,BioNano
chr14,71958351,71993840,35490,inversion,orangutan,BioNano
chr15,25234578,25242075,7498,inversion,orangutan,BioNano
chr15,28864627,30957787,2093161,inversion,orangutan,BioNano
chr15,69841104,69859740,18637,inversion,orangutan,BioNano
chr15,84631880,85523740,891861,inversion,orangutan,BioNano
chr15,70320295,70374769,54475,inversion,orangutan,BioNano
chr16,2729304,2860675,131372,inversion,orangutan,BioNano
chr16,15092923,20964484,5871562,inversion,orangutan,BioNano
chr16,21979076,23370727,1391652,inversion,orangutan,BioNano
chr16,29634651,30355363,720713,inversion,orangutan,BioNano
chr16,69937372,74429116,4491745,inversion,orangutan,BioNano
chr16,28328889,29023968,695080,inversion,orangutan,BioNano
chr17,15741872,16920759,1178888,inversion,orangutan,BioNano
chr17,36029187,37894696,1865510,inversion,orangutan,BioNano
chr17,45495543,46555184,1059642,inversion,orangutan,BioNano
chr17,59964536,62035502,2070967,inversion,orangutan,BioNano
chr17,30576811,31617346,1040536,inversion,orangutan,BioNano
chr17,30413943,32201302,1787360,inversion,orangutan,BioNano
chr18,10500136,12267381,1767246,inversion,orangutan,BioNano
chr18,10236284,11119371,883088,inversion,orangutan,BioNano
chr19,4996722,5021867,25146,inversion,orangutan,BioNano
chr20,22250374,22274230,23857,inversion,orangutan,BioNano
chr22,18152320,23706439,5554120,inversion,orangutan,BioNano
chr22,20483471,21051244,567774,inversion,orangutan,BioNano
chr22,20690372,21509402,819031,inversion,orangutan,BioNano
chr23,3976829,9329717,5352889,inversion,orangutan,BioNano
chr23,154572602,154631822,59221,inversion,orangutan,BioNano
chr23,1639438,1646888,7451,inversion,orangutan,BioNano
chr23,152718138,152749043,30906,inversion,orangutan,BioNano
chr23,152695846,152772620,76775,inversion,orangutan,BioNano
chr23,490888,503340,12453,inversion,orangutan,BioNano
chr3,15112911,129967689,114854779,translocation_intrachr,orangutan,BioNano
chr4,4278952,9877814,5598863,translocation_intrachr,orangutan,BioNano
chr7,7055741,97499059,90443319,translocation_intrachr,orangutan,BioNano
chr10,50658907,87527779,36868873,translocation_intrachr,orangutan,BioNano
chr17,38335652,47531342,9195691,translocation_intrachr,orangutan,BioNano
chr17,47395295,62351187,14955893,translocation_intrachr,orangutan,BioNano
chr18,164443,21051781,20887339,translocation_intrachr,orangutan,BioNano
chr18,178966,20954201,20775236,translocation_intrachr,orangutan,BioNano
chr20,177601,31477809,31300209,translocation_intrachr,orangutan,BioNano
