seqnames,start,end,width,gen,ID,SVclass,study
chr1,903423,943931,40509,HET,chimpanzee,invDup,StrandS
chr1,5044187,5265449,221263,HET,gorilla,invDup,StrandS
chr1,12799030,12810487,11458,HET,chimpanzee,invDup,StrandS
chr1,12799030,12810487,11458,HET,bonobo,invDup,StrandS
chr1,12799030,12810487,11458,HET,orangutan,invDup,StrandS
chr1,12799030,12810487,11458,HET,gorilla,invDup,StrandS
chr1,16414299,16431933,17635,HET,orangutan,invDup,StrandS
chr1,16956273,16971593,15321,HET,orangutan,invDup,StrandS
chr1,23138308,23178280,39973,HET,orangutan,invDup,StrandS
chr1,25301538,25369978,68441,HOM,bonobo,INV,StrandS
chr1,25301538,25369978,68441,HET,gorilla,INV,StrandS
chr1,26641172,26647006,5835,HOM,gorilla,INV,StrandS
chr1,26641217,26646638,5422,HOM,chimpanzee,INV,StrandS
chr1,26641278,26647032,5755,HOM,bonobo,INV,StrandS
chr1,29734875,29737833,2959,HOM,chimpanzee,INV,StrandS
chr1,31143947,31149512,5566,HOM,gorilla,INV,StrandS
chr1,32416703,32447358,30656,HOM,bonobo,INV,StrandS
chr1,32416723,32447621,30899,HOM,chimpanzee,INV,StrandS
chr1,65744663,65758449,13787,HOM,orangutan,INV,StrandS
chr1,83071333,83137057,65725,HET,bonobo,invDup,StrandS
chr1,83071990,83134701,62712,HET,gorilla,invDup,StrandS
chr1,87420745,87724208,303464,HET,chimpanzee,invDup,StrandS
chr1,87430969,87724399,293431,HET,bonobo,invDup,StrandS
chr1,104319236,104440604,121369,HET,gorilla,invDup,StrandS
chr1,104320961,104440434,119474,HET,chimpanzee,invDup,StrandS
chr1,104820325,104836175,15851,HOM,bonobo,INV,StrandS
chr1,104821772,104836174,14403,HOM,chimpanzee,INV,StrandS
chr1,108221020,108366085,145066,HOM,gorilla,INV,StrandS
chr1,108223377,108358064,134688,HOM,orangutan,INV,StrandS
chr1,109343046,109419135,76090,HET,gorilla,invDup,StrandS
chr1,109344321,109420936,76616,HET,chimpanzee,invDup,StrandS
chr1,113089220,120178667,7089448,HOM,bonobo,INV,StrandS
chr1,113098166,113120195,22030,HET,gorilla,invDup,StrandS
chr1,113125598,113276041,150444,HET,chimpanzee,invDup,StrandS
chr1,113125598,120179771,7054174,HOM,chimpanzee,INV,StrandS
chr1,113136637,113244043,107407,HET,gorilla,invDup,StrandS
chr1,113136637,120904514,7767878,HOM,gorilla,INV,StrandS
chr1,113137692,113276295,138604,HET,bonobo,INV,StrandS
chr1,113366315,113554877,188563,HET,gorilla,invDup,StrandS
chr1,113366564,113535214,168651,HET,bonobo,INV,StrandS
chr1,113366644,113651297,284654,HET,chimpanzee,invDup,StrandS
chr1,113602941,113651541,48601,HET,gorilla,invDup,StrandS
chr1,145403352,146135524,732173,HOM,bonobo,INV,StrandS
chr1,145403352,146135524,732173,HOM,gorilla,INV,StrandS
chr1,145992404,146049865,57462,HET,chimpanzee,invDup,StrandS
chr1,147003774,147950347,946574,HOM,chimpanzee,INV,StrandS
chr1,147036129,147354800,318672,HOM,gorilla,INV,StrandS
chr1,147324424,147354800,30377,HET,gorilla,invDup,StrandS
chr1,147463873,147488537,24665,HET,gorilla,invDup,StrandS
chr1,147510732,147571863,61132,HET,gorilla,invDup,StrandS
chr1,147571863,147949130,377268,HET,gorilla,INV,StrandS
chr1,149842391,149851011,8621,HOM,chimpanzee,INV,StrandS
chr1,149842391,149851011,8621,HET,bonobo,INV,StrandS
chr1,149842391,149851011,8621,HET,orangutan,INV,StrandS
chr1,158887400,158912054,24655,HOM,orangutan,INV,StrandS
chr1,158913192,158959281,46090,HET,orangutan,invDup,StrandS
chr1,187138302,187141928,3627,HOM,gorilla,INV,StrandS
chr1,194225318,194397488,172171,HOM,orangutan,INV,StrandS
chr1,197787703,197789053,1351,HOM,bonobo,INV,StrandS
chr1,197787703,197789053,1351,HOM,gorilla,INV,StrandS
chr1,197787703,197789053,1351,HOM,orangutan,INV,StrandS
chr1,199115407,199124076,8670,HOM,orangutan,INV,StrandS
chr1,210977355,210984634,7280,HOM,bonobo,INV,StrandS
chr1,215520656,215557960,37305,HET,gorilla,invDup,StrandS
chr1,215560348,239931367,24371020,HOM,gorilla,INV,StrandS
chr1,227679723,227714357,34635,HOM,gorilla,INV,StrandS
chr1,227960458,228062396,101939,HET,gorilla,invDup,StrandS
chr1,241132932,241243388,110457,HET,orangutan,invDup,StrandS
chr1,242243425,242695925,452501,HET,gorilla,invDup,StrandS
chr1,242822852,242881563,58712,HET,gorilla,invDup,StrandS
chr1,248518589,248529695,11107,HOM,chimpanzee,INV,StrandS
chr1,248518589,248529695,11107,HET,orangutan,INV,StrandS
chr1,248581695,248639201,57507,HET,gorilla,invDup,StrandS
chr10,13436100,13456765,20666,HET,bonobo,invDup,StrandS
chr10,13436501,13455432,18932,HET,gorilla,invDup,StrandS
chr10,13436501,13455463,18963,HET,orangutan,invDup,StrandS
chr10,14939190,14974253,35064,HET,bonobo,invDup,StrandS
chr10,14941907,14975672,33766,HET,chimpanzee,invDup,StrandS
chr10,16844546,16902941,58396,HET,gorilla,invDup,StrandS
chr10,19112617,19194191,81575,HET,chimpanzee,invDup,StrandS
chr10,19112617,19194191,81575,HET,bonobo,invDup,StrandS
chr10,19112776,19202826,90051,HET,gorilla,invDup,StrandS
chr10,19212051,19244887,32837,HET,gorilla,invDup,StrandS
chr10,19223622,19281855,58234,HET,chimpanzee,invDup,StrandS
chr10,19223622,19281855,58234,HET,bonobo,invDup,StrandS
chr10,26661283,26671526,10244,HOM,orangutan,invDup,StrandS
chr10,27371942,79320356,51948415,HOM,gorilla,INV,StrandS
chr10,29518676,29562542,43867,HET,orangutan,invDup,StrandS
chr10,32864769,32868358,3590,HOM,orangutan,INV,StrandS
chr10,34582406,34602759,20354,HET,orangutan,invDup,StrandS
chr10,34709949,34743870,33922,HET,orangutan,invDup,StrandS
chr10,34800857,34931114,130258,HET,orangutan,invDup,StrandS
chr10,35744871,35749687,4817,HOM,chimpanzee,INV,StrandS
chr10,35745001,35749716,4716,HOM,bonobo,INV,StrandS
chr10,38966247,39539206,572960,HOM,chimpanzee,INV,StrandS
chr10,38982495,39449720,467226,HOM,bonobo,INV,StrandS
chr10,42450139,42601235,151097,HET,orangutan,invDup,StrandS
chr10,42611703,42690521,78819,HOM,orangutan,INV,StrandS
chr10,42785682,42992991,207310,HET,orangutan,invDup,StrandS
chr10,45347901,45806749,458849,HOM,orangutan,INV,StrandS
chr10,45679833,45866397,186565,HOM,chimpanzee,INV,StrandS
chr10,45688478,45847312,158835,HOM,bonobo,INV,StrandS
chr10,46204408,46328761,124354,HOM,bonobo,INV,StrandS
chr10,46213948,46326728,112781,HOM,orangutan,INV,StrandS
chr10,46215323,46223894,8572,HOM,chimpanzee,INV,StrandS
chr10,46215637,46229601,13965,HET,orangutan,invDup,StrandS
chr10,46215637,46229601,13965,HET,gorilla,invDup,StrandS
chr10,46332808,47584917,1252110,HOM,chimpanzee,INV,StrandS
chr10,46342530,47561495,1218966,HOM,orangutan,INV,StrandS
chr10,46360323,47513229,1152907,HOM,gorilla,INV,StrandS
chr10,46383262,47584917,1201656,HOM,bonobo,INV,StrandS
chr10,50761797,86984010,36222214,HOM,orangutan,INV,StrandS
chr10,54794962,54807592,12631,HET,orangutan,invDup,StrandS
chr10,55918007,55928816,10810,HOM,gorilla,INV,StrandS
chr10,56087784,56092943,5160,HOM,orangutan,INV,StrandS
chr10,67563785,67580598,16814,HET,bonobo,INV,StrandS
chr10,67563859,67581005,17147,HOM,orangutan,INV,StrandS
chr10,70953807,71037348,83542,HET,orangutan,invDup,StrandS
chr10,79320477,79364928,44452,HET,gorilla,invDup,StrandS
chr10,79527608,80252529,724922,HOM,chimpanzee,INV,StrandS
chr10,79543255,80225475,682221,HOM,bonobo,INV,StrandS
chr10,91443409,91446445,3037,HOM,orangutan,INV,StrandS
chr10,94616735,94619722,2988,HOM,orangutan,INV,StrandS
chr10,95159535,95161353,1819,HOM,chimpanzee,INV,StrandS
chr10,95159535,95161353,1819,HOM,gorilla,INV,StrandS
chr10,95159804,95161381,1578,HOM,bonobo,INV,StrandS
chr10,104552548,104735695,183148,HET,orangutan,invDup,StrandS
chr10,108880213,108881952,1740,HOM,orangutan,INV,StrandS
chr10,130341962,130623506,281545,HOM,gorilla,INV,StrandS
chr10,131005778,131057564,51787,HET,orangutan,invDup,StrandS
chr10,132973859,133035814,61956,HET,gorilla,invDup,StrandS
chr10,133585447,133612884,27438,HET,gorilla,INV,StrandS
chr11,311023,319467,8445,HET,gorilla,INV,StrandS
chr11,311097,318787,7691,HET,orangutan,INV,StrandS
chr11,1661156,1688898,27743,HOM,bonobo,INV,StrandS
chr11,1661303,1683559,22257,HOM,gorilla,INV,StrandS
chr11,1665417,1682882,17466,HOM,chimpanzee,INV,StrandS
chr11,1894007,1915295,21289,HOM,orangutan,INV,StrandS
chr11,1894043,1915787,21745,HOM,chimpanzee,INV,StrandS
chr11,1894081,1914497,20417,HOM,bonobo,INV,StrandS
chr11,1894351,1914055,19705,HOM,gorilla,INV,StrandS
chr11,3596052,71910199,68314148,HOM,orangutan,INV,StrandS
chr11,18980829,18996672,15844,HET,chimpanzee,invDup,StrandS
chr11,48222164,48234251,12088,HOM,orangutan,INV,StrandS
chr11,50152036,50368303,216268,HOM,gorilla,INV,StrandS
chr11,50157381,50365988,208608,HOM,chimpanzee,INV,StrandS
chr11,50157824,50346672,188849,HOM,bonobo,INV,StrandS
chr11,68339254,68350335,11082,HET,gorilla,invDup,StrandS
chr11,89420822,89554133,133312,HET,gorilla,invDup,StrandS
chr11,98996856,99103450,106595,HET,orangutan,invDup,StrandS
chr11,121488997,121703995,214999,HET,gorilla,invDup,StrandS
chr11,124387729,124392924,5196,HOM,bonobo,INV,StrandS
chr11,124388362,124392470,4109,HOM,chimpanzee,INV,StrandS
chr11,129669468,129754370,84903,HET,orangutan,invDup,StrandS
chr11,132616377,132638323,21947,HOM,chimpanzee,INV,StrandS
chr11,132616394,132638121,21728,HOM,gorilla,INV,StrandS
chr11,132616398,132638389,21992,HOM,bonobo,INV,StrandS
chr11,132616434,132637999,21566,HOM,orangutan,INV,StrandS
chr11,134682102,134684566,2465,HOM,orangutan,INV,StrandS
chr11,135047061,135060907,13847,HET,gorilla,invDup,StrandS
chr12,3374703,3377584,2882,HOM,orangutan,INV,StrandS
chr12,4876590,4888543,11954,HOM,gorilla,INV,StrandS
chr12,9317552,9407370,89819,HOM,chimpanzee,INV,StrandS
chr12,9317552,9407370,89819,HOM,bonobo,INV,StrandS
chr12,9381558,9412683,31126,HOM,gorilla,INV,StrandS
chr12,9476804,9518903,42100,HOM,orangutan,INV,StrandS
chr12,12391221,12393834,2614,HOM,chimpanzee,INV,StrandS
chr12,12391221,12393834,2614,HOM,bonobo,INV,StrandS
chr12,12391221,12393834,2614,HOM,gorilla,INV,StrandS
chr12,12391221,12393834,2614,HOM,orangutan,INV,StrandS
chr12,15439258,15445172,5915,HOM,chimpanzee,INV,StrandS
chr12,15439340,15446758,7419,HOM,bonobo,INV,StrandS
chr12,17766529,17859683,93155,HOM,chimpanzee,INV,StrandS
chr12,17768547,17860318,91772,HOM,gorilla,INV,StrandS
chr12,17768679,17857127,88449,HOM,orangutan,INV,StrandS
chr12,17772492,17863145,90654,HOM,bonobo,INV,StrandS
chr12,20810628,20896068,85441,HET,chimpanzee,invDup,StrandS
chr12,20814873,20896355,81483,HET,bonobo,invDup,StrandS
chr12,20896081,67990383,47094303,HOM,chimpanzee,INV,StrandS
chr12,20896774,67988266,47091493,HOM,bonobo,INV,StrandS
chr12,21109920,64902036,43792117,HOM,gorilla,INV,StrandS
chr12,27257519,27284448,26930,HET,orangutan,invDup,StrandS
chr12,28656547,28676296,19750,HOM,orangutan,INV,StrandS
chr12,28657485,28672946,15462,HOM,gorilla,INV,StrandS
chr12,28657640,28675399,17760,HOM,bonobo,INV,StrandS
chr12,28657722,28673754,16033,HOM,chimpanzee,INV,StrandS
chr12,37703046,37738078,35033,HOM,gorilla,INV,StrandS
chr12,37709905,37727912,18008,HOM,chimpanzee,INV,StrandS
chr12,37713391,37736525,23135,HOM,bonobo,invDup,StrandS
chr12,40993557,40995596,2040,HOM,gorilla,INV,StrandS
chr12,40993557,40995596,2040,HOM,orangutan,INV,StrandS
chr12,42451106,42454170,3065,HOM,chimpanzee,INV,StrandS
chr12,42451106,42454170,3065,HOM,bonobo,INV,StrandS
chr12,42451106,42454170,3065,HOM,gorilla,INV,StrandS
chr12,42451106,42454170,3065,HOM,orangutan,INV,StrandS
chr12,47454087,47510906,56820,HOM,bonobo,INV,StrandS
chr12,47454356,47510858,56503,HOM,gorilla,INV,StrandS
chr12,47454873,47510893,56021,HOM,chimpanzee,INV,StrandS
chr12,47456299,47512778,56480,HOM,orangutan,INV,StrandS
chr12,53855677,53903411,47735,HET,orangutan,invDup,StrandS
chr12,58423002,58426136,3135,HOM,chimpanzee,INV,StrandS
chr12,58423002,58426136,3135,HOM,bonobo,INV,StrandS
chr12,58423002,58426136,3135,HOM,gorilla,INV,StrandS
chr12,58423002,58426136,3135,HOM,orangutan,INV,StrandS
chr12,62435465,62441639,6175,HOM,gorilla,INV,StrandS
chr12,67119643,67177996,58354,HOM,chimpanzee,INV,StrandS
chr12,67121065,67177602,56538,HOM,bonobo,INV,StrandS
chr12,67988339,68011622,23284,HET,bonobo,invDup,StrandS
chr12,67990486,68008804,18319,HET,chimpanzee,invDup,StrandS
chr12,68672861,68676045,3185,HOM,orangutan,INV,StrandS
chr12,71188467,71207475,19009,HET,gorilla,invDup,StrandS
chr12,71825073,71828085,3013,HOM,orangutan,INV,StrandS
chr12,82762816,82766118,3303,HOM,orangutan,INV,StrandS
chr12,86846834,86858475,11642,HOM,orangutan,INV,StrandS
chr12,86846834,86858475,11642,HOM,gorilla,INV,StrandS
chr12,86847401,86858902,11502,HOM,bonobo,INV,StrandS
chr12,86849180,86858130,8951,HOM,chimpanzee,INV,StrandS
chr12,131232896,131428189,195294,HET,orangutan,INV,StrandS
chr13,23804089,23922906,118818,HET,orangutan,invDup,StrandS
chr13,24347443,24974581,627139,HET,orangutan,INV,StrandS
chr13,25362568,25554520,191953,HET,orangutan,invDup,StrandS
chr13,37314565,37318283,3719,HOM,orangutan,INV,StrandS
chr13,37314577,37318044,3468,HOM,chimpanzee,INV,StrandS
chr13,37314858,37318051,3194,HOM,gorilla,INV,StrandS
chr13,37314965,37317602,2638,HOM,bonobo,INV,StrandS
chr13,40515578,40611867,96290,HET,gorilla,invDup,StrandS
chr13,45376633,46351589,974957,HOM,gorilla,INV,StrandS
chr13,45377740,46467058,1089319,HOM,bonobo,INV,StrandS
chr13,45383122,46464524,1081403,HOM,chimpanzee,INV,StrandS
chr13,45384210,45456166,71957,HOM,orangutan,INV,StrandS
chr13,46351591,46411868,60278,HET,gorilla,invDup,StrandS
chr13,47844161,47848034,3874,HOM,orangutan,INV,StrandS
chr13,52249893,52559589,309697,HOM,chimpanzee,INV,StrandS
chr13,52249893,52559589,309697,HOM,bonobo,INV,StrandS
chr13,52249893,52559589,309697,HET,orangutan,INV,StrandS
chr13,52249893,52559589,309697,HOM,gorilla,INV,StrandS
chr13,55408972,55424547,15576,HOM,orangutan,INV,StrandS
chr13,62969855,63026820,56966,HET,orangutan,invDup,StrandS
chr13,62974335,63030503,56169,HET,gorilla,invDup,StrandS
chr13,63063788,63094581,30794,HET,orangutan,invDup,StrandS
chr13,63727419,63737123,9705,HOM,orangutan,INV,StrandS
chr13,63727439,63737123,9685,HOM,gorilla,INV,StrandS
chr13,63727509,63737123,9615,HOM,chimpanzee,INV,StrandS
chr13,64041432,64895407,853976,HET,gorilla,invDup,StrandS
chr13,69830486,69849209,18724,HET,gorilla,invDup,StrandS
chr13,74192484,74209035,16552,HOM,orangutan,INV,StrandS
chr13,81478673,81484328,5656,HOM,orangutan,INV,StrandS
chr13,82353216,82358303,5088,HOM,chimpanzee,INV,StrandS
chr13,88032721,88085970,53250,HET,gorilla,invDup,StrandS
chr13,88032725,88085976,53252,HET,orangutan,invDup,StrandS
chr13,91841744,91860902,19159,HET,orangutan,invDup,StrandS
chr13,92530701,92554275,23575,HET,orangutan,invDup,StrandS
chr13,111063330,111185474,122145,HET,gorilla,invDup,StrandS
chr13,114014329,114149082,134754,HET,orangutan,invDup,StrandS
chr14,19209558,45301542,26091985,HOM,gorilla,INV,StrandS
chr14,22089100,22186244,97145,HET,bonobo,invDup,StrandS
chr14,22094304,22187298,92995,HET,chimpanzee,invDup,StrandS
chr14,23789124,23797841,8718,HOM,bonobo,INV,StrandS
chr14,23789971,23797688,7718,HOM,chimpanzee,INV,StrandS
chr14,24493209,24499628,6420,HOM,chimpanzee,INV,StrandS
chr14,34547322,34555285,7964,HET,chimpanzee,INV,StrandS
chr14,34547526,34555529,8004,HET,bonobo,INV,StrandS
chr14,34547526,34555529,8004,HET,gorilla,INV,StrandS
chr14,35912691,35922437,9747,HOM,orangutan,INV,StrandS
chr14,35912691,35922585,9895,HOM,chimpanzee,INV,StrandS
chr14,35912691,35922852,10162,HOM,bonobo,INV,StrandS
chr14,35912730,35923699,10970,HOM,gorilla,INV,StrandS
chr14,40429682,40920082,490401,HOM,gorilla,INV,StrandS
chr14,42038350,42051542,13193,HOM,orangutan,INV,StrandS
chr14,51477348,51480406,3059,HOM,orangutan,INV,StrandS
chr14,53109066,53111439,2374,HOM,orangutan,INV,StrandS
chr14,57523982,57530674,6693,HOM,orangutan,INV,StrandS
chr14,63865163,63870800,5638,HOM,bonobo,INV,StrandS
chr14,63865304,63870151,4848,HOM,chimpanzee,INV,StrandS
chr14,63865537,63870620,5084,HOM,gorilla,INV,StrandS
chr14,65972239,65997709,25471,HOM,orangutan,INV,StrandS
chr14,66149934,66548871,398938,HET,gorilla,invDup,StrandS
chr14,66188543,66201018,12476,HOM,orangutan,INV,StrandS
chr14,66188543,66201018,12476,HOM,gorilla,INV,StrandS
chr14,70462154,70507210,45057,HET,orangutan,invDup,StrandS
chr14,92317433,92485052,167620,HET,chimpanzee,invDup,StrandS
chr14,105692810,105698254,5445,HOM,gorilla,INV,StrandS
chr14,106154223,106384435,230213,HET,orangutan,invDup,StrandS
chr14,106822851,106888255,65405,HET,orangutan,invDup,StrandS
chr15,16985671,30035654,13049984,HOM,orangutan,INV,StrandS
chr15,22779462,23093519,314058,HET,chimpanzee,INV,StrandS
chr15,22831608,22846543,14936,HET,orangutan,invDup,StrandS
chr15,22988897,23069864,80968,HET,gorilla,invDup,StrandS
chr15,23097519,28320195,5222677,HOM,bonobo,INV,StrandS
chr15,23451853,28321274,4869422,HOM,chimpanzee,INV,StrandS
chr15,23908641,23932876,24236,HET,gorilla,invDup,StrandS
chr15,23945665,24089934,144270,HET,gorilla,invDup,StrandS
chr15,25256605,25304590,47986,HET,orangutan,invDup,StrandS
chr15,26305627,26307110,1484,HOM,chimpanzee,INV,StrandS
chr15,26305627,26307110,1484,HOM,bonobo,INV,StrandS
chr15,26305627,26307110,1484,HOM,gorilla,INV,StrandS
chr15,26305627,26307110,1484,HOM,orangutan,INV,StrandS
chr15,28053675,28112335,58661,HET,gorilla,invDup,StrandS
chr15,28459148,30065654,1606507,HET,gorilla,INV,StrandS
chr15,30038256,30077747,39492,HET,orangutan,invDup,StrandS
chr15,30485487,32329721,1844235,HOM,gorilla,INV,StrandS
chr15,40129612,40148636,19025,HOM,gorilla,INV,StrandS
chr15,41798359,41880994,82636,HET,gorilla,invDup,StrandS
chr15,41808298,41876228,67931,HET,chimpanzee,invDup,StrandS
chr15,41809184,41875874,66691,HET,bonobo,invDup,StrandS
chr15,41910683,41924436,13754,HET,bonobo,invDup,StrandS
chr15,41910710,41924051,13342,HET,chimpanzee,invDup,StrandS
chr15,44933217,44951333,18117,HOM,bonobo,INV,StrandS
chr15,45026413,45041101,14689,HET,bonobo,INV,StrandS
chr15,45026721,45044761,18041,HET,chimpanzee,INV,StrandS
chr15,59375717,59431522,55806,HET,orangutan,invDup,StrandS
chr15,59716129,59767748,51620,HET,orangutan,invDup,StrandS
chr15,82431701,84165647,1733947,HOM,chimpanzee,INV,StrandS
chr15,82431701,84165647,1733947,HOM,bonobo,INV,StrandS
chr15,82431701,84165647,1733947,HOM,orangutan,INV,StrandS
chr15,83771359,83903024,131666,HET,orangutan,invDup,StrandS
chr15,84355083,85188393,833311,HET,bonobo,INV,StrandS
chr15,84355083,85188393,833311,HOM,orangutan,INV,StrandS
chr15,85272011,85294870,22860,HET,chimpanzee,invDup,StrandS
chr15,87843410,87848008,4599,HOM,orangutan,INV,StrandS
chr15,87843553,87847820,4268,HOM,gorilla,INV,StrandS
chr15,87843663,87847642,3980,HOM,chimpanzee,INV,StrandS
chr15,87843755,87847748,3994,HOM,bonobo,INV,StrandS
chr15,94327505,94368124,40620,HET,orangutan,invDup,StrandS
chr16,31467,68909,37443,HET,gorilla,invDup,StrandS
chr16,1244073,1248830,4758,HOM,orangutan,INV,StrandS
chr16,1807193,1841583,34391,HET,chimpanzee,invDup,StrandS
chr16,1810389,1841330,30942,HET,bonobo,invDup,StrandS
chr16,1838411,2111973,273563,HET,chimpanzee,INV,StrandS
chr16,1844331,2097612,253282,HOM,bonobo,INV,StrandS
chr16,2728930,2740055,11126,HOM,gorilla,INV,StrandS
chr16,2730446,2872554,142109,HOM,orangutan,INV,StrandS
chr16,11340813,11565291,224479,HET,orangutan,invDup,StrandS
chr16,11565304,18050421,6485118,HOM,orangutan,INV,StrandS
chr16,11677530,11778832,101303,HET,gorilla,invDup,StrandS
chr16,11909478,11957495,48018,HET,gorilla,invDup,StrandS
chr16,11960030,14953955,2993926,HOM,gorilla,INV,StrandS
chr16,12526776,12533356,6581,HOM,gorilla,INV,StrandS
chr16,13878702,13881606,2905,HOM,orangutan,INV,StrandS
chr16,14949321,14973519,24199,HOM,orangutan,INV,StrandS
chr16,14954780,14965819,11040,HET,chimpanzee,invDup,StrandS
chr16,14954780,14965819,11040,HET,bonobo,invDup,StrandS
chr16,14995429,15095824,100396,HOM,chimpanzee,INV,StrandS
chr16,15010645,15098920,88276,HOM,bonobo,INV,StrandS
chr16,15024762,15073158,48397,HET,orangutan,invDup,StrandS
chr16,15403389,15478247,74859,HET,orangutan,invDup,StrandS
chr16,15730004,16047227,317224,HET,orangutan,invDup,StrandS
chr16,15791943,15946450,154508,HET,bonobo,invDup,StrandS
chr16,15794256,15944923,150668,HET,chimpanzee,invDup,StrandS
chr16,15924632,16101165,176534,HET,gorilla,invDup,StrandS
chr16,16169812,16198128,28317,HET,chimpanzee,invDup,StrandS
chr16,16169812,16203619,33808,HET,bonobo,invDup,StrandS
chr16,16191565,18559615,2368051,HOM,gorilla,INV,StrandS
chr16,17671320,17914287,242968,HET,gorilla,invDup,StrandS
chr16,18005102,18074409,69308,HET,gorilla,invDup,StrandS
chr16,18050491,18072282,21792,HET,orangutan,INV,StrandS
chr16,20506245,20525442,19198,HOM,orangutan,INV,StrandS
chr16,20607576,20708204,100629,HET,orangutan,invDup,StrandS
chr16,21421729,21827505,405777,HOM,chimpanzee,INV,StrandS
chr16,21421729,21827505,405777,HET,bonobo,INV,StrandS
chr16,21421729,21827505,405777,HOM,gorilla,INV,StrandS
chr16,21559055,23457758,1898704,HOM,orangutan,INV,StrandS
chr16,21582400,21592858,10459,HOM,orangutan,INV,StrandS
chr16,21845917,22538010,692094,HET,gorilla,INV,StrandS
chr16,21930858,21979278,48421,HET,orangutan,invDup,StrandS
chr16,22612144,22762291,150148,HET,bonobo,invDup,StrandS
chr16,22614926,22762355,147430,HET,chimpanzee,invDup,StrandS
chr16,23090291,23174917,84627,HET,orangutan,invDup,StrandS
chr16,23375690,23457758,82069,HET,orangutan,invDup,StrandS
chr16,25422990,25578321,155332,HET,chimpanzee,invDup,StrandS
chr16,25424344,25577459,153116,HET,bonobo,invDup,StrandS
chr16,28143770,28200960,57191,HET,gorilla,invDup,StrandS
chr16,28452341,28663741,211401,HOM,gorilla,INV,StrandS
chr16,28474889,28505397,30509,HET,chimpanzee,invDup,StrandS
chr16,28475303,28505468,30166,HET,bonobo,invDup,StrandS
chr16,28505894,28941967,436074,HOM,bonobo,INV,StrandS
chr16,28505934,28942396,436463,HOM,chimpanzee,INV,StrandS
chr16,28784944,29036937,251994,HOM,orangutan,INV,StrandS
chr16,28784944,29036937,251994,HOM,gorilla,INV,StrandS
chr16,29628092,30188587,560496,HOM,chimpanzee,INV,StrandS
chr16,29638605,30187613,549009,HOM,bonobo,INV,StrandS
chr16,29639607,30188587,548981,HOM,orangutan,INV,StrandS
chr16,35099136,36254199,1155064,HOM,bonobo,INV,StrandS
chr16,35099136,36254199,1155064,HOM,gorilla,INV,StrandS
chr16,35100115,36373493,1273379,HOM,chimpanzee,INV,StrandS
chr16,46457627,46680216,222590,HET,orangutan,invDup,StrandS
chr16,47791916,47793862,1947,HOM,chimpanzee,INV,StrandS
chr16,53371314,53414996,43683,HET,orangutan,invDup,StrandS
chr16,53857181,53859648,2468,HOM,orangutan,INV,StrandS
chr16,66960291,67036749,76459,HET,chimpanzee,invDup,StrandS
chr16,66960471,67037232,76762,HET,gorilla,invDup,StrandS
chr16,66982280,67037783,55504,HET,bonobo,invDup,StrandS
chr16,69976853,74328047,4351195,HOM,orangutan,INV,StrandS
chr16,70078118,74428325,4350208,HOM,chimpanzee,INV,StrandS
chr16,70094846,74414107,4319262,HOM,bonobo,INV,StrandS
chr16,74425836,74446381,20546,HET,gorilla,invDup,StrandS
chr16,75206154,75222807,16654,HOM,gorilla,INV,StrandS
chr16,75206340,75222700,16361,HOM,chimpanzee,INV,StrandS
chr16,75206342,75222749,16408,HOM,orangutan,INV,StrandS
chr16,75206972,75222627,15656,HOM,bonobo,INV,StrandS
chr16,87935516,87951595,16080,HET,gorilla,invDup,StrandS
chr16,90056014,90087085,31072,HET,bonobo,invDup,StrandS
chr16,90059169,90084580,25412,HET,chimpanzee,invDup,StrandS
chr17,140194,180753,40560,HET,gorilla,invDup,StrandS
chr17,3148284,3178882,30599,HET,chimpanzee,INV,StrandS
chr17,4870337,4893659,23323,HET,orangutan,invDup,StrandS
chr17,6168238,6170972,2735,HOM,orangutan,INV,StrandS
chr17,6666274,6707332,41059,HET,gorilla,invDup,StrandS
chr17,8027882,49542138,41514257,HOM,bonobo,INV,StrandS
chr17,8027887,49541267,41513381,HOM,chimpanzee,INV,StrandS
chr17,13638225,13706551,68327,HET,chimpanzee,invDup,StrandS
chr17,13638533,13706217,67685,HET,gorilla,invDup,StrandS
chr17,13639123,13706286,67164,HET,bonobo,invDup,StrandS
chr17,14215139,14254331,39193,HOM,orangutan,INV,StrandS
chr17,15756621,15801423,44803,HOM,bonobo,INV,StrandS
chr17,15764908,15785466,20559,HET,orangutan,invDup,StrandS
chr17,15839659,16871246,1031588,HET,orangutan,INV,StrandS
chr17,16717000,20564685,3847686,HOM,bonobo,INV,StrandS
chr17,16788450,18619323,1830874,HOM,gorilla,INV,StrandS
chr17,16886708,18619323,1732616,HOM,orangutan,INV,StrandS
chr17,18049490,18119199,69710,HET,bonobo,invDup,StrandS
chr17,18123280,18387486,264207,HET,chimpanzee,INV,StrandS
chr17,18123280,18387486,264207,HET,bonobo,INV,StrandS
chr17,18624667,20317922,1693256,HOM,chimpanzee,INV,StrandS
chr17,18765313,18782366,17054,HOM,orangutan,INV,StrandS
chr17,18765313,18782366,17054,HET,gorilla,INV,StrandS
chr17,20406681,20890414,483734,HOM,orangutan,INV,StrandS
chr17,20608054,20630746,22693,HET,chimpanzee,INV,StrandS
chr17,20608054,20630746,22693,HET,bonobo,INV,StrandS
chr17,27831452,27838434,6983,HOM,chimpanzee,INV,StrandS
chr17,27831452,27838434,6983,HOM,bonobo,INV,StrandS
chr17,30558813,32079040,1520228,HOM,orangutan,INV,StrandS
chr17,31094501,31213427,118927,HET,gorilla,invDup,StrandS
chr17,31833869,31847523,13655,HET,orangutan,invDup,StrandS
chr17,31874058,31901818,27761,HET,orangutan,invDup,StrandS
chr17,34691241,34729427,38187,HET,orangutan,invDup,StrandS
chr17,34923775,34947798,24024,HET,orangutan,invDup,StrandS
chr17,36116533,36164022,47490,HET,orangutan,INV,StrandS
chr17,36459531,36579456,119926,HET,orangutan,invDup,StrandS
chr17,36579473,37851466,1271994,HOM,orangutan,INV,StrandS
chr17,41533046,41605099,72054,HET,orangutan,invDup,StrandS
chr17,45603562,46287176,683615,HOM,chimpanzee,INV,StrandS
chr17,45603582,46365548,761967,HOM,bonobo,INV,StrandS
chr17,45624858,46333057,708200,HOM,gorilla,INV,StrandS
chr17,45627873,46284149,656277,HOM,orangutan,INV,StrandS
chr17,47584528,59974830,12390303,HOM,orangutan,INV,StrandS
chr17,53562886,53589670,26785,HET,chimpanzee,INV,StrandS
chr17,58591027,58636402,45376,HET,gorilla,invDup,StrandS
chr17,59550610,59577326,26717,HET,gorilla,INV,StrandS
chr17,60035891,60126702,90812,HOM,chimpanzee,INV,StrandS
chr17,60042204,60093596,51393,HET,orangutan,invDup,StrandS
chr17,60132141,60171971,39831,HET,orangutan,invDup,StrandS
chr17,60227614,60379957,152344,HET,gorilla,invDup,StrandS
chr17,62176379,62203019,26641,HET,orangutan,invDup,StrandS
chr17,76016643,76042121,25479,HET,chimpanzee,invDup,StrandS
chr17,76016712,76044630,27919,HET,orangutan,invDup,StrandS
chr17,76020855,76044984,24130,HET,gorilla,invDup,StrandS
chr17,83082721,83100668,17948,HET,chimpanzee,invDup,StrandS
chr18,1,14095909,14095909,HOM,bonobo,INV,StrandS
chr18,1,14223815,14223815,HOM,orangutan,INV,StrandS
chr18,1,14729925,14729925,HOM,gorilla,INV,StrandS
chr18,119488,14133906,14014419,HOM,chimpanzee,INV,StrandS
chr18,797783,802637,4855,HOM,orangutan,INV,StrandS
chr18,10654298,12234555,1580258,HOM,orangutan,INV,StrandS
chr18,12085445,12175511,90067,HET,orangutan,invDup,StrandS
chr18,14903404,14939283,35880,HOM,chimpanzee,INV,StrandS
chr18,40872093,40889822,17730,HOM,bonobo,INV,StrandS
chr18,40873731,40889586,15856,HOM,chimpanzee,INV,StrandS
chr18,49549550,49569468,19919,HET,gorilla,invDup,StrandS
chr18,70835315,70839924,4610,HOM,gorilla,INV,StrandS
chr19,1951245,1963074,11830,HET,orangutan,invDup,StrandS
chr19,5537613,5604528,66916,HET,gorilla,invDup,StrandS
chr19,7146905,7376710,229806,HET,orangutan,invDup,StrandS
chr19,14881223,14893642,12420,HET,orangutan,invDup,StrandS
chr19,15907524,15955171,47648,HET,orangutan,invDup,StrandS
chr19,20601889,20725478,123590,HOM,chimpanzee,INV,StrandS
chr19,22523684,22600058,76375,HOM,orangutan,INV,StrandS
chr19,36268688,37262652,993965,HOM,chimpanzee,INV,StrandS
chr19,37224432,37331788,107357,HET,gorilla,invDup,StrandS
chr19,38773770,38789028,15259,HOM,orangutan,INV,StrandS
chr19,38773879,38789001,15123,HOM,gorilla,INV,StrandS
chr19,38774048,38788917,14870,HOM,chimpanzee,INV,StrandS
chr19,38774048,38788917,14870,HOM,bonobo,INV,StrandS
chr19,39558367,39686328,127962,HOM,orangutan,INV,StrandS
chr19,39560277,39686626,126350,HOM,gorilla,INV,StrandS
chr19,39560900,39677442,116543,HOM,bonobo,INV,StrandS
chr19,39560978,39676254,115277,HOM,chimpanzee,INV,StrandS
chr19,49724256,49734602,10347,HOM,orangutan,INV,StrandS
chr19,50578831,50593370,14540,HET,chimpanzee,INV,StrandS
chr19,54481069,54493141,12073,HOM,orangutan,INV,StrandS
chr19,54572976,54591326,18351,HET,chimpanzee,INV,StrandS
chr19,54572976,54591326,18351,HET,bonobo,INV,StrandS
chr19,54574050,54588075,14026,HET,orangutan,INV,StrandS
chr19,54575001,54590171,15171,HET,gorilla,INV,StrandS
chr2,7956731,7960829,4099,HOM,bonobo,INV,StrandS
chr2,90062786,90083377,20592,HOM,bonobo,INV,StrandS
chr2,90062786,90083377,20592,HOM,orangutan,INV,StrandS
chr2,90063559,90082563,19005,HOM,gorilla,INV,StrandS
chr2,90189585,90210714,21130,HOM,gorilla,INV,StrandS
chr2,94824831,132363720,37538890,HOM,orangutan,INV,StrandS
chr2,94925069,94962136,37068,HET,gorilla,INV,StrandS
chr2,95508780,95590637,81858,HET,bonobo,INV,StrandS
chr2,95572508,113676421,18103914,HOM,gorilla,INV,StrandS
chr2,97346676,97361931,15256,HOM,orangutan,INV,StrandS
chr2,97347278,97355713,8436,HET,gorilla,INV,StrandS
chr2,99165374,99271440,106067,HET,orangutan,invDup,StrandS
chr2,99303032,99330814,27783,HET,orangutan,invDup,StrandS
chr2,101383470,101827740,444271,HET,orangutan,invDup,StrandS
chr2,102235960,102370535,134576,HET,chimpanzee,invDup,StrandS
chr2,102238077,102371557,133481,HET,bonobo,invDup,StrandS
chr2,104130237,104148602,18366,HET,gorilla,invDup,StrandS
chr2,106454649,109113706,2659058,HOM,chimpanzee,INV,StrandS
chr2,106464199,109110711,2646513,HOM,bonobo,INV,StrandS
chr2,108108716,108213153,104438,HOM,bonobo,INV,StrandS
chr2,108108766,108176496,67731,HOM,chimpanzee,INV,StrandS
chr2,108476944,108492023,15080,HET,orangutan,invDup,StrandS
chr2,108539856,108551553,11698,HET,orangutan,invDup,StrandS
chr2,108584883,108651589,66707,HET,orangutan,invDup,StrandS
chr2,108692289,108717000,24712,HET,orangutan,invDup,StrandS
chr2,109113187,109145601,32415,HET,bonobo,invDup,StrandS
chr2,109117337,109142906,25570,HET,chimpanzee,invDup,StrandS
chr2,110672985,110694931,21947,HET,chimpanzee,invDup,StrandS
chr2,110672985,110697685,24701,HET,bonobo,invDup,StrandS
chr2,110676546,110697615,21070,HET,gorilla,invDup,StrandS
chr2,110678302,110701135,22834,HET,orangutan,invDup,StrandS
chr2,118979456,119003128,23673,HET,orangutan,invDup,StrandS
chr2,119196101,119198348,2248,HOM,chimpanzee,INV,StrandS
chr2,119196102,119198348,2247,HOM,bonobo,INV,StrandS
chr2,119196102,119198348,2247,HOM,gorilla,INV,StrandS
chr2,119196102,119198348,2247,HOM,orangutan,INV,StrandS
chr2,121659101,151290491,29631391,HOM,bonobo,INV,StrandS
chr2,126458472,126478368,19897,HET,gorilla,INV,StrandS
chr2,130008433,130450659,442227,HOM,bonobo,INV,StrandS
chr2,130051328,130456551,405224,HOM,chimpanzee,INV,StrandS
chr2,130138873,130450659,311787,HOM,gorilla,INV,StrandS
chr2,130720633,131152252,431620,HET,chimpanzee,INV,StrandS
chr2,130720633,131152252,431620,HOM,bonobo,INV,StrandS
chr2,131397401,131436895,39495,HET,chimpanzee,INV,StrandS
chr2,131397401,131436895,39495,HET,bonobo,INV,StrandS
chr2,131397401,131436895,39495,HOM,gorilla,INV,StrandS
chr2,134020280,134067610,47331,HOM,orangutan,INV,StrandS
chr2,134800532,134834326,33795,HOM,gorilla,INV,StrandS
chr2,137468315,137505418,37104,HET,orangutan,invDup,StrandS
chr2,137681613,137708237,26625,HET,orangutan,invDup,StrandS
chr2,137843987,137882329,38343,HET,orangutan,invDup,StrandS
chr2,138246813,138251056,4244,HOM,chimpanzee,INV,StrandS
chr2,138246876,138251707,4832,HOM,bonobo,INV,StrandS
chr2,138246876,138251707,4832,HOM,gorilla,INV,StrandS
chr2,138247009,138251434,4426,HOM,orangutan,INV,StrandS
chr2,149111221,149115045,3825,HOM,gorilla,INV,StrandS
chr2,149297396,149302434,5039,HOM,chimpanzee,INV,StrandS
chr2,158724566,158739787,15222,HOM,orangutan,INV,StrandS
chr2,180767820,180786326,18507,HOM,bonobo,INV,StrandS
chr2,180767920,180786225,18306,HOM,chimpanzee,INV,StrandS
chr2,180769144,180785685,16542,HOM,orangutan,INV,StrandS
chr2,180769366,180784614,15249,HOM,gorilla,INV,StrandS
chr2,188341647,188357846,16200,HOM,orangutan,INV,StrandS
chr2,236697766,236741754,43989,HET,chimpanzee,INV,StrandS
chr2,241786779,241906368,119590,HET,bonobo,invDup,StrandS
chr2,241942557,242017540,74984,HET,gorilla,invDup,StrandS
chr2,241943043,241969461,26419,HET,chimpanzee,invDup,StrandS
chr2,242034491,242065644,31154,HET,gorilla,invDup,StrandS
chr20,58130,100177,42048,HET,gorilla,invDup,StrandS
chr20,58427,100139,41713,HET,chimpanzee,invDup,StrandS
chr20,58427,100139,41713,HET,bonobo,invDup,StrandS
chr20,67394,5540426,5473033,HOM,orangutan,INV,StrandS
chr20,8851808,8853283,1476,HOM,chimpanzee,INV,StrandS
chr20,40648314,40649368,1055,HOM,chimpanzee,INV,StrandS
chr20,46412883,46479800,66918,HET,orangutan,invDup,StrandS
chr20,46523713,46565536,41824,HET,orangutan,invDup,StrandS
chr20,47792901,47823146,30246,HET,orangutan,invDup,StrandS
chr20,47843392,47895628,52237,HOM,gorilla,INV,StrandS
chr20,47845103,47861832,16730,HET,orangutan,invDup,StrandS
chr20,47861832,47896051,34220,HOM,orangutan,INV,StrandS
chr20,51640097,51733153,93057,HET,orangutan,invDup,StrandS
chr20,53777030,53808397,31368,HET,orangutan,invDup,StrandS
chr20,60628914,60631679,2766,HOM,orangutan,INV,StrandS
chr21,17048589,17050218,1630,HOM,chimpanzee,INV,StrandS
chr21,17048589,17050218,1630,HOM,bonobo,INV,StrandS
chr21,40025050,40036556,11507,HOM,bonobo,INV,StrandS
chr21,40026348,40036602,10255,HOM,gorilla,INV,StrandS
chr21,40026348,40036654,10307,HOM,orangutan,INV,StrandS
chr21,40026761,40036602,9842,HOM,chimpanzee,INV,StrandS
chr21,42139997,42141627,1631,HOM,bonobo,INV,StrandS
chr22,17989273,18015998,26726,HET,orangutan,invDup,StrandS
chr22,17999897,18013142,13246,HET,gorilla,invDup,StrandS
chr22,18129006,18130671,1666,HOM,chimpanzee,INV,StrandS
chr22,18159705,20696276,2536572,HOM,orangutan,INV,StrandS
chr22,20370238,20404142,33905,HET,gorilla,invDup,StrandS
chr22,20742418,20753126,10709,HET,chimpanzee,invDup,StrandS
chr22,20742960,20753130,10171,HET,bonobo,invDup,StrandS
chr22,21062113,21075194,13082,HET,gorilla,invDup,StrandS
chr22,21431600,21469877,38278,HOM,bonobo,INV,StrandS
chr22,21431601,21469877,38277,HOM,chimpanzee,INV,StrandS
chr22,21431601,21469877,38277,HOM,gorilla,INV,StrandS
chr22,21521404,24708585,3187182,HOM,orangutan,INV,StrandS
chr22,23594716,23631014,36299,HET,chimpanzee,invDup,StrandS
chr22,23596010,23621138,25129,HET,bonobo,invDup,StrandS
chr22,23596282,23616508,20227,HET,gorilla,invDup,StrandS
chr22,23669779,23711861,42083,HET,bonobo,invDup,StrandS
chr22,23670035,23709409,39375,HET,chimpanzee,invDup,StrandS
chr22,24727291,24817577,90287,HET,orangutan,invDup,StrandS
chr22,29426901,29441473,14573,HET,orangutan,invDup,StrandS
chr22,31017824,31065245,47422,HET,gorilla,invDup,StrandS
chr22,36208970,36219739,10770,HOM,orangutan,INV,StrandS
chr22,49055897,49286390,230494,HET,gorilla,invDup,StrandS
chr3,1,12552780,12552780,HOM,orangutan,INV,StrandS
chr3,834005,839856,5852,HOM,bonobo,INV,StrandS
chr3,834005,840261,6257,HOM,chimpanzee,INV,StrandS
chr3,15125392,75270136,60144745,HOM,orangutan,INV,StrandS
chr3,25791478,26038208,246731,HET,orangutan,invDup,StrandS
chr3,33761732,33768542,6811,HOM,bonobo,INV,StrandS
chr3,33820909,33837259,16351,HET,orangutan,invDup,StrandS
chr3,52352170,52383411,31242,HET,orangutan,invDup,StrandS
chr3,61281205,61297234,16030,HET,gorilla,invDup,StrandS
chr3,75959457,76157138,197682,HET,orangutan,invDup,StrandS
chr3,76636011,76660004,23994,HET,orangutan,invDup,StrandS
chr3,79725563,79730917,5355,HOM,orangutan,INV,StrandS
chr3,81318605,81324410,5806,HOM,orangutan,INV,StrandS
chr3,90101557,90195503,93947,HET,gorilla,invDup,StrandS
chr3,90509776,90709811,200036,HET,bonobo,invDup,StrandS
chr3,93765361,129998811,36233451,HOM,orangutan,INV,StrandS
chr3,98271845,98280939,9095,HOM,chimpanzee,INV,StrandS
chr3,106591357,106592916,1560,HOM,gorilla,INV,StrandS
chr3,106591357,106592916,1560,HOM,orangutan,INV,StrandS
chr3,109702533,109714089,11557,HOM,gorilla,INV,StrandS
chr3,109702563,109714110,11548,HOM,orangutan,INV,StrandS
chr3,159398298,159401755,3458,HOM,chimpanzee,INV,StrandS
chr3,159398299,159401755,3457,HOM,bonobo,INV,StrandS
chr3,163552483,163564922,12440,HOM,gorilla,INV,StrandS
chr3,168886419,168900059,13641,HOM,chimpanzee,INV,StrandS
chr3,168888180,168903814,15635,HOM,bonobo,INV,StrandS
chr3,187417493,187425646,8154,HOM,orangutan,INV,StrandS
chr3,187418649,187423892,5244,HOM,chimpanzee,INV,StrandS
chr3,187418649,187423892,5244,HOM,bonobo,INV,StrandS
chr3,187418649,187423892,5244,HOM,gorilla,INV,StrandS
chr3,194335631,194340486,4856,HOM,bonobo,INV,StrandS
chr3,194335631,194340486,4856,HOM,orangutan,INV,StrandS
chr3,194335889,194340374,4486,HOM,gorilla,INV,StrandS
chr3,194336077,194340474,4398,HOM,chimpanzee,INV,StrandS
chr3,195711749,198295559,2583811,HOM,orangutan,INV,StrandS
chr3,197616195,198148006,531812,HET,orangutan,INV,StrandS
chr3,197644150,198112292,468143,HOM,gorilla,INV,StrandS
chr4,1774451,1856166,81716,HET,gorilla,invDup,StrandS
chr4,3428224,3632613,204390,HET,gorilla,invDup,StrandS
chr4,4175383,8966740,4791358,HOM,gorilla,INV,StrandS
chr4,4180995,8942726,4761732,HOM,orangutan,INV,StrandS
chr4,44076693,44079052,2360,HOM,orangutan,INV,StrandS
chr4,44810029,85035954,40225926,HOM,bonobo,INV,StrandS
chr4,44810198,85036605,40226408,HOM,chimpanzee,INV,StrandS
chr4,45782662,45787327,4666,HOM,orangutan,INV,StrandS
chr4,49633913,68310988,18677076,HOM,orangutan,INV,StrandS
chr4,51662785,69383078,17720294,HOM,gorilla,INV,StrandS
chr4,54130765,54143894,13130,HOM,orangutan,INV,StrandS
chr4,56990363,57002956,12594,HET,orangutan,invDup,StrandS
chr4,63240903,63250789,9887,HOM,bonobo,INV,StrandS
chr4,63878491,63883188,4698,HOM,gorilla,INV,StrandS
chr4,63878491,63883188,4698,HOM,orangutan,INV,StrandS
chr4,66610271,66663401,53131,HET,gorilla,invDup,StrandS
chr4,68767992,68854232,86241,HOM,orangutan,INV,StrandS
chr4,69460371,69595171,134801,HET,orangutan,invDup,StrandS
chr4,71642059,71655278,13220,HOM,orangutan,INV,StrandS
chr4,87921996,87937069,15074,HOM,gorilla,INV,StrandS
chr4,87923277,87936861,13585,HOM,bonobo,INV,StrandS
chr4,87923496,87936919,13424,HOM,chimpanzee,INV,StrandS
chr4,87924851,87936991,12141,HOM,orangutan,INV,StrandS
chr4,101750766,101795438,44673,HET,gorilla,invDup,StrandS
chr4,118577150,118593224,16075,HET,orangutan,INV,StrandS
chr4,118577150,118593224,16075,HET,gorilla,invDup,StrandS
chr4,124120654,124122810,2157,HOM,gorilla,INV,StrandS
chr4,131566067,131577890,11824,HOM,orangutan,INV,StrandS
chr4,131978267,132123438,145172,HOM,gorilla,INV,StrandS
chr4,132123253,132146425,23173,HOM,chimpanzee,INV,StrandS
chr4,132124255,132148208,23954,HOM,bonobo,INV,StrandS
chr4,132131938,132146578,14641,HOM,orangutan,INV,StrandS
chr4,132149578,132221735,72158,HOM,gorilla,INV,StrandS
chr4,133002092,133007410,5319,HOM,bonobo,INV,StrandS
chr4,133002733,133008084,5352,HOM,gorilla,INV,StrandS
chr4,133002979,133008063,5085,HOM,orangutan,INV,StrandS
chr4,133003537,133008004,4468,HOM,chimpanzee,INV,StrandS
chr4,138467818,138513154,45337,HOM,orangutan,INV,StrandS
chr4,139605150,139616166,11017,HOM,orangutan,INV,StrandS
chr4,145964309,145982602,18294,HOM,bonobo,INV,StrandS
chr4,145964363,145981374,17012,HOM,chimpanzee,INV,StrandS
chr4,157726789,157728712,1924,HOM,gorilla,INV,StrandS
chr4,178896840,179183956,287117,HET,orangutan,invDup,StrandS
chr4,179303296,179718350,415055,HET,orangutan,invDup,StrandS
chr4,179842882,180198606,355725,HET,orangutan,invDup,StrandS
chr5,849799,918381,68583,HET,chimpanzee,invDup,StrandS
chr5,852493,919168,66676,HET,bonobo,invDup,StrandS
chr5,871130,916797,45668,HET,gorilla,invDup,StrandS
chr5,8085439,8159011,73573,HOM,gorilla,INV,StrandS
chr5,8090331,8163946,73616,HOM,orangutan,INV,StrandS
chr5,13619586,13621601,2016,HOM,orangutan,INV,StrandS
chr5,17401042,17499014,97973,HET,bonobo,invDup,StrandS
chr5,18553378,96585378,78032001,HOM,bonobo,INV,StrandS
chr5,18553741,96585715,78031975,HOM,chimpanzee,INV,StrandS
chr5,19391335,19400599,9265,HOM,orangutan,INV,StrandS
chr5,21912697,21917630,4934,HOM,orangutan,INV,StrandS
chr5,26618850,26632937,14088,HOM,chimpanzee,INV,StrandS
chr5,28906899,37442265,8535367,HOM,gorilla,INV,StrandS
chr5,29076138,29226611,150474,HET,gorilla,invDup,StrandS
chr5,29095245,29110311,15067,HOM,bonobo,INV,StrandS
chr5,29096201,29108018,11818,HOM,chimpanzee,INV,StrandS
chr5,29347548,29387842,40295,HET,gorilla,invDup,StrandS
chr5,29541958,29552260,10303,HOM,gorilla,INV,StrandS
chr5,33995125,34049304,54180,HET,gorilla,invDup,StrandS
chr5,37172476,37233221,60746,HET,gorilla,invDup,StrandS
chr5,37391688,37442265,50578,HET,gorilla,invDup,StrandS
chr5,42900739,43041112,140374,HET,orangutan,invDup,StrandS
chr5,45953840,46101742,147903,HET,orangutan,invDup,StrandS
chr5,64469083,64476818,7736,HOM,orangutan,INV,StrandS
chr5,71006499,71017527,11029,HOM,orangutan,INV,StrandS
chr5,71008352,71016343,7992,HOM,gorilla,INV,StrandS
chr5,71008830,71015812,6983,HOM,bonobo,INV,StrandS
chr5,71008831,71015813,6983,HOM,chimpanzee,INV,StrandS
chr5,78087120,78189448,102329,HET,gorilla,invDup,StrandS
chr5,85509618,85522959,13342,HOM,orangutan,INV,StrandS
chr5,96130069,96136032,5964,HOM,orangutan,INV,StrandS
chr5,99426646,99472783,46138,HET,chimpanzee,invDup,StrandS
chr5,99429412,99474316,44905,HET,bonobo,invDup,StrandS
chr5,99513122,100399625,886504,HOM,gorilla,INV,StrandS
chr5,99544163,100063298,519136,HOM,chimpanzee,INV,StrandS
chr5,99544163,100073100,528938,HOM,bonobo,INV,StrandS
chr5,99562224,99572356,10133,HOM,gorilla,INV,StrandS
chr5,99585673,100384557,798885,HOM,orangutan,INV,StrandS
chr5,106562610,106574801,12192,HOM,bonobo,INV,StrandS
chr5,106565316,106574778,9463,HOM,chimpanzee,INV,StrandS
chr5,106565342,106574688,9347,HOM,orangutan,INV,StrandS
chr5,106565460,106574457,8998,HOM,gorilla,INV,StrandS
chr5,113837179,113857130,19952,HET,chimpanzee,invDup,StrandS
chr5,113839181,113863674,24494,HET,bonobo,invDup,StrandS
chr5,145151676,145166389,14714,HOM,orangutan,INV,StrandS
chr5,145152017,145166487,14471,HOM,chimpanzee,INV,StrandS
chr5,145152915,145166149,13235,HOM,bonobo,INV,StrandS
chr5,145153755,145166584,12830,HOM,gorilla,INV,StrandS
chr5,155198178,155209768,11591,HOM,bonobo,INV,StrandS
chr5,176129691,176195971,66281,HET,orangutan,invDup,StrandS
chr5,176129691,176195971,66281,HET,gorilla,invDup,StrandS
chr5,176285922,177952821,1666900,HOM,orangutan,INV,StrandS
chr5,177230305,177255899,25595,HET,orangutan,invDup,StrandS
chr5,177944405,178008359,63955,HET,chimpanzee,invDup,StrandS
chr5,177944405,178008359,63955,HET,bonobo,invDup,StrandS
chr5,179599007,179617084,18078,HET,orangutan,invDup,StrandS
chr5,181098379,181101120,2742,HOM,chimpanzee,INV,StrandS
chr5,181098379,181101120,2742,HOM,orangutan,INV,StrandS
chr5,181105726,181130062,24337,HOM,orangutan,INV,StrandS
chr5,181125405,181153437,28033,HOM,gorilla,INV,StrandS
chr5,181246917,181272348,25432,HET,chimpanzee,invDup,StrandS
chr6,1992296,2135001,142706,HET,gorilla,invDup,StrandS
chr6,4350762,4356784,6023,HOM,gorilla,INV,StrandS
chr6,5759366,5774881,15516,HET,orangutan,invDup,StrandS
chr6,24382195,24387364,5170,HOM,gorilla,INV,StrandS
chr6,25731955,25757433,25479,HET,chimpanzee,invDup,StrandS
chr6,27109152,27121164,12013,HET,gorilla,invDup,StrandS
chr6,35169725,35176055,6331,HOM,orangutan,INV,StrandS
chr6,49074332,49099001,24670,HOM,orangutan,INV,StrandS
chr6,50297571,50338264,40694,HET,orangutan,invDup,StrandS
chr6,50306741,50320835,14095,HET,gorilla,invDup,StrandS
chr6,58231915,58394557,162643,HOM,gorilla,INV,StrandS
chr6,60712250,60719107,6858,HOM,orangutan,INV,StrandS
chr6,63490282,63519143,28862,HET,chimpanzee,invDup,StrandS
chr6,64308701,66017043,1708343,HET,gorilla,invDup,StrandS
chr6,64309141,65994331,1685191,HET,bonobo,invDup,StrandS
chr6,64508028,65697441,1189414,HET,chimpanzee,invDup,StrandS
chr6,66081378,66122824,41447,HET,bonobo,invDup,StrandS
chr6,66099395,66122954,23560,HET,gorilla,invDup,StrandS
chr6,69140331,69142991,2661,HOM,bonobo,INV,StrandS
chr6,69140331,69142991,2661,HOM,orangutan,INV,StrandS
chr6,69140638,69142768,2131,HOM,gorilla,INV,StrandS
chr6,69140751,69142984,2234,HOM,chimpanzee,INV,StrandS
chr6,92738540,92751090,12551,HOM,bonobo,INV,StrandS
chr6,92738845,92750623,11779,HOM,chimpanzee,INV,StrandS
chr6,103899224,103934787,35564,HOM,gorilla,INV,StrandS
chr6,107518795,107521411,2617,HOM,orangutan,INV,StrandS
chr6,113895791,113897532,1742,HOM,gorilla,INV,StrandS
chr6,113895791,113897532,1742,HOM,orangutan,INV,StrandS
chr6,126410313,126413236,2924,HOM,chimpanzee,INV,StrandS
chr6,126410313,126413236,2924,HOM,bonobo,INV,StrandS
chr6,126410313,126413236,2924,HOM,gorilla,INV,StrandS
chr6,167239124,167268274,29151,HOM,bonobo,INV,StrandS
chr6,167239378,167263690,24313,HOM,chimpanzee,INV,StrandS
chr6,167241000,167247447,6448,HOM,gorilla,INV,StrandS
chr7,40707,69243,28537,HET,gorilla,invDup,StrandS
chr7,54064,139686,85623,HET,chimpanzee,invDup,StrandS
chr7,54064,141510,87447,HET,bonobo,invDup,StrandS
chr7,2538369,2671889,133521,HOM,orangutan,INV,StrandS
chr7,5844776,6999077,1154302,HET,orangutan,INV,StrandS
chr7,5883533,6821229,937697,HOM,bonobo,INV,StrandS
chr7,5899352,6736163,836812,HOM,gorilla,INV,StrandS
chr7,5933061,6819429,886369,HOM,chimpanzee,INV,StrandS
chr7,7000626,97950561,90949936,HOM,orangutan,INV,StrandS
chr7,8851367,8855632,4266,HOM,bonobo,INV,StrandS
chr7,8851483,8855452,3970,HOM,chimpanzee,INV,StrandS
chr7,26932954,27006157,73204,HOM,gorilla,INV,StrandS
chr7,26936175,27001026,64852,HOM,orangutan,INV,StrandS
chr7,39378793,39392526,13734,HET,bonobo,invDup,StrandS
chr7,39379327,39389649,10323,HET,chimpanzee,invDup,StrandS
chr7,39379762,39633623,253862,HET,gorilla,invDup,StrandS
chr7,39542753,39554122,11370,HET,chimpanzee,invDup,StrandS
chr7,39542753,39554122,11370,HET,bonobo,invDup,StrandS
chr7,39542753,43963937,4421185,HOM,chimpanzee,INV,StrandS
chr7,39580172,39633634,53463,HET,chimpanzee,invDup,StrandS
chr7,39580172,39633634,53463,HET,bonobo,invDup,StrandS
chr7,39633625,44020716,4387092,HOM,gorilla,INV,StrandS
chr7,39633716,43961275,4327560,HOM,bonobo,INV,StrandS
chr7,39760565,39882986,122422,HOM,orangutan,INV,StrandS
chr7,47378511,47552361,173851,HET,orangutan,invDup,StrandS
chr7,51383013,51449993,66981,HOM,orangutan,INV,StrandS
chr7,53046166,53058756,12591,HET,gorilla,invDup,StrandS
chr7,53188989,53864928,675940,HOM,gorilla,INV,StrandS
chr7,53189047,53860546,671500,HOM,orangutan,INV,StrandS
chr7,53189064,53862000,672937,HOM,chimpanzee,INV,StrandS
chr7,53189962,53862043,672082,HOM,bonobo,INV,StrandS
chr7,56352700,56701896,349197,HET,bonobo,invDup,StrandS
chr7,56390662,56801437,410776,HET,chimpanzee,invDup,StrandS
chr7,63353130,63397182,44053,HET,bonobo,INV,StrandS
chr7,63356893,63388787,31895,HET,gorilla,INV,StrandS
chr7,65114040,65579467,465428,HOM,bonobo,INV,StrandS
chr7,65216378,65579467,363090,HOM,chimpanzee,INV,StrandS
chr7,67264518,77002296,9737779,HOM,bonobo,INV,StrandS
chr7,67285668,72858469,5572802,HOM,orangutan,INV,StrandS
chr7,67334707,67357308,22602,HET,gorilla,invDup,StrandS
chr7,67338118,67377576,39459,HET,chimpanzee,invDup,StrandS
chr7,67341522,67382904,41383,HET,bonobo,invDup,StrandS
chr7,71693143,71716715,23573,HET,chimpanzee,invDup,StrandS
chr7,71716745,74860991,3144247,HOM,chimpanzee,INV,StrandS
chr7,74881868,75105973,224106,HOM,bonobo,INV,StrandS
chr7,74908710,75132201,223492,HOM,orangutan,INV,StrandS
chr7,74925334,75182426,257093,HOM,gorilla,INV,StrandS
chr7,75519711,76407364,887654,HOM,gorilla,INV,StrandS
chr7,75522286,75633681,111396,HET,bonobo,invDup,StrandS
chr7,75529271,75633611,104341,HET,chimpanzee,invDup,StrandS
chr7,77057294,102360314,25303021,HOM,gorilla,INV,StrandS
chr7,78104438,78108443,4006,HOM,gorilla,INV,StrandS
chr7,78104438,78108443,4006,HOM,orangutan,INV,StrandS
chr7,79417469,79548390,130922,HET,bonobo,invDup,StrandS
chr7,79418134,79546627,128494,HET,chimpanzee,invDup,StrandS
chr7,79863848,79865952,2105,HOM,chimpanzee,INV,StrandS
chr7,79863848,79865952,2105,HOM,bonobo,INV,StrandS
chr7,79863848,79865952,2105,HOM,gorilla,INV,StrandS
chr7,79863848,79865952,2105,HOM,orangutan,INV,StrandS
chr7,81279264,81313163,33900,HOM,chimpanzee,INV,StrandS
chr7,81279737,81314345,34609,HOM,bonobo,INV,StrandS
chr7,85964545,86005017,40473,HET,orangutan,invDup,StrandS
chr7,102249897,102289677,39781,HET,chimpanzee,invDup,StrandS
chr7,102249897,102289677,39781,HET,bonobo,invDup,StrandS
chr7,102249897,102289677,39781,HET,gorilla,invDup,StrandS
chr7,102299435,102326440,27006,HET,chimpanzee,invDup,StrandS
chr7,102299435,102326440,27006,HET,bonobo,invDup,StrandS
chr7,102299435,102326440,27006,HET,gorilla,invDup,StrandS
chr7,107418074,107422923,4850,HOM,gorilla,INV,StrandS
chr7,107418074,107422923,4850,HOM,orangutan,INV,StrandS
chr7,124524923,124528610,3688,HOM,chimpanzee,INV,StrandS
chr7,124524924,124528610,3687,HOM,bonobo,INV,StrandS
chr7,143728233,143792012,63780,HOM,chimpanzee,INV,StrandS
chr7,143728460,143788185,59726,HOM,orangutan,INV,StrandS
chr7,143728460,143790095,61636,HOM,gorilla,INV,StrandS
chr7,143728460,143791691,63232,HOM,bonobo,INV,StrandS
chr7,146075689,146246052,170364,HET,orangutan,invDup,StrandS
chr7,149768314,149814097,45784,HET,orangutan,invDup,StrandS
chr7,152119205,152239095,119891,HET,orangutan,invDup,StrandS
chr7,152386100,152743375,357276,HET,gorilla,invDup,StrandS
chr7,156717605,156807162,89558,HET,gorilla,invDup,StrandS
chr7,156884333,156973890,89558,HET,gorilla,invDup,StrandS
chr7,159308341,159330253,21913,HET,gorilla,invDup,StrandS
chr8,251979,290983,39005,HET,gorilla,invDup,StrandS
chr8,2233488,2484572,251085,HET,chimpanzee,INV,StrandS
chr8,2236543,2482961,246419,HOM,gorilla,INV,StrandS
chr8,2238069,2478191,240123,HOM,orangutan,INV,StrandS
chr8,2238069,2482961,244893,HOM,bonobo,INV,StrandS
chr8,4040083,4110190,70108,HET,gorilla,invDup,StrandS
chr8,7548466,12718323,5169858,HOM,orangutan,INV,StrandS
chr8,8231677,12003302,3771626,HOM,gorilla,INV,StrandS
chr8,11937879,12002350,64472,HET,bonobo,invDup,StrandS
chr8,11939620,12003862,64243,HET,chimpanzee,invDup,StrandS
chr8,16242178,16264404,22227,HET,gorilla,invDup,StrandS
chr8,16242734,16310934,68201,HET,chimpanzee,invDup,StrandS
chr8,16285739,16304345,18607,HOM,chimpanzee,INV,StrandS
chr8,16285739,16304345,18607,HOM,bonobo,INV,StrandS
chr8,16286246,16303065,16820,HOM,gorilla,INV,StrandS
chr8,16286726,16302798,16073,HOM,orangutan,INV,StrandS
chr8,16304422,16627752,323331,HET,bonobo,invDup,StrandS
chr8,16335869,16626259,290391,HET,chimpanzee,invDup,StrandS
chr8,16504025,16628585,124561,HET,gorilla,invDup,StrandS
chr8,31185730,84953559,53767830,HOM,gorilla,INV,StrandS
chr8,46862057,46875634,13578,HOM,chimpanzee,INV,StrandS
chr8,46913453,46930107,16655,HET,gorilla,invDup,StrandS
chr8,47140004,47249013,109010,HET,orangutan,invDup,StrandS
chr8,49453602,49461903,8302,HOM,orangutan,INV,StrandS
chr8,49453602,49461929,8328,HOM,bonobo,INV,StrandS
chr8,49453602,49462282,8681,HOM,chimpanzee,INV,StrandS
chr8,49453992,49462202,8211,HOM,gorilla,INV,StrandS
chr8,54857129,54860779,3651,HOM,bonobo,INV,StrandS
chr8,77783634,77785235,1602,HOM,gorilla,INV,StrandS
chr8,77783634,77785235,1602,HOM,orangutan,INV,StrandS
chr8,84974653,85014108,39456,HOM,orangutan,INV,StrandS
chr8,85187842,85422482,234641,HET,orangutan,invDup,StrandS
chr8,85571747,85642708,70962,HET,chimpanzee,invDup,StrandS
chr8,85572899,85639573,66675,HET,bonobo,invDup,StrandS
chr8,110389186,110396350,7165,HOM,orangutan,INV,StrandS
chr8,111942107,111962191,20085,HOM,gorilla,INV,StrandS
chr8,111942204,111961986,19783,HOM,orangutan,INV,StrandS
chr8,137093778,137134947,41170,HOM,orangutan,INV,StrandS
chr8,138968468,138990833,22366,HOM,orangutan,INV,StrandS
chr8,143906646,143912303,5658,HOM,chimpanzee,INV,StrandS
chr8,143906835,143913440,6606,HOM,bonobo,INV,StrandS
chr9,1,38272912,38272912,HOM,orangutan,INV,StrandS
chr9,1,38272912,38272912,HOM,gorilla,INV,StrandS
chr9,662089,810896,148808,HET,chimpanzee,invDup,StrandS
chr9,662431,681687,19257,HET,gorilla,invDup,StrandS
chr9,664350,804067,139718,HET,bonobo,invDup,StrandS
chr9,10893147,10897539,4393,HOM,orangutan,INV,StrandS
chr9,17479362,17482695,3334,HOM,chimpanzee,INV,StrandS
chr9,17479844,17482269,2426,HOM,bonobo,INV,StrandS
chr9,32377892,33607170,1229279,HOM,gorilla,INV,StrandS
chr9,36820320,36834016,13697,HET,orangutan,invDup,StrandS
chr9,68376913,86233320,17856408,HOM,chimpanzee,INV,StrandS
chr9,68416973,86232907,17815935,HOM,bonobo,INV,StrandS
chr9,68673341,68695791,22451,HET,gorilla,invDup,StrandS
chr9,86539756,86571322,31567,HOM,bonobo,INV,StrandS
chr9,87627738,87815626,187889,HET,gorilla,invDup,StrandS
chr9,87816306,87887759,71454,HOM,gorilla,INV,StrandS
chr9,87923644,92891639,4967996,HOM,orangutan,INV,StrandS
chr9,87939257,88072382,133126,HET,gorilla,invDup,StrandS
chr9,87966196,88033710,67515,HOM,chimpanzee,INV,StrandS
chr9,87966718,88036668,69951,HOM,bonobo,INV,StrandS
chr9,88072496,88133835,61340,HOM,gorilla,INV,StrandS
chr9,92037746,92100439,62694,HET,orangutan,invDup,StrandS
chr9,92062579,92124980,62402,HET,bonobo,invDup,StrandS
chr9,92064422,92204696,140275,HET,chimpanzee,invDup,StrandS
chr9,92239457,92287228,47772,HET,orangutan,invDup,StrandS
chr9,94308147,97028185,2720039,HET,chimpanzee,INV,StrandS
chr9,94478760,94498005,19246,HOM,bonobo,INV,StrandS
chr9,95339993,95378627,38635,HET,orangutan,invDup,StrandS
chr9,114452221,114458968,6748,HOM,bonobo,INV,StrandS
chr9,114452441,114459058,6618,HOM,chimpanzee,INV,StrandS
chr9,114452456,114458988,6533,HOM,orangutan,INV,StrandS
chr9,114452621,114459129,6509,HOM,gorilla,INV,StrandS
chr9,115976729,116037777,61049,HOM,orangutan,INV,StrandS
chr9,122029848,122179502,149655,HET,gorilla,invDup,StrandS
chr9,123979078,123990894,11817,HOM,gorilla,INV,StrandS
chr9,123979126,123990987,11862,HOM,orangutan,INV,StrandS
chr9,123979208,123990933,11726,HOM,bonobo,INV,StrandS
chr9,123979254,123990893,11640,HOM,chimpanzee,INV,StrandS
chr9,133218580,133242148,23569,HOM,chimpanzee,INV,StrandS
chrX,335880,483847,147968,HET,chimpanzee,invDup,StrandS
chrX,339770,483778,144009,HET,bonobo,invDup,StrandS
chrX,989251,1064914,75664,HET,orangutan,invDup,StrandS
chrX,3027586,3060710,33125,HET,gorilla,invDup,StrandS
chrX,3712054,3952770,240717,HET,gorilla,invDup,StrandS
chrX,9328446,9568866,240421,HET,orangutan,invDup,StrandS
chrX,9664361,9708052,43692,HET,orangutan,invDup,StrandS
chrX,10106351,10123822,17472,HET,orangutan,invDup,StrandS
chrX,19506758,19565995,59238,HET,gorilla,invDup,StrandS
chrX,28362223,28459626,97404,HET,bonobo,INV,StrandS
chrX,28943098,28961256,18159,HOM,gorilla,INV,StrandS
chrX,34022056,34227578,205523,HET,orangutan,invDup,StrandS
chrX,37494532,37705145,210614,HET,orangutan,invDup,StrandS
chrX,44618442,44624956,6515,HOM,bonobo,INV,StrandS
chrX,44619094,44624834,5741,HOM,chimpanzee,INV,StrandS
chrX,45688790,45691895,3106,HOM,orangutan,INV,StrandS
chrX,50489055,50510056,21002,HET,bonobo,invDup,StrandS
chrX,50490429,50509104,18676,HET,gorilla,invDup,StrandS
chrX,50492382,50506975,14594,HET,chimpanzee,invDup,StrandS
chrX,51692926,51700577,7652,HOM,orangutan,INV,StrandS
chrX,51693348,51700311,6964,HOM,gorilla,INV,StrandS
chrX,51694214,51700384,6171,HET,chimpanzee,INV,StrandS
chrX,52077160,52173827,96668,HOM,gorilla,INV,StrandS
chrX,52077370,52176779,99410,HET,bonobo,INV,StrandS
chrX,52077917,52176906,98990,HOM,chimpanzee,INV,StrandS
chrX,52461432,52474235,12804,HET,orangutan,invDup,StrandS
chrX,52499737,52513176,13440,HOM,gorilla,INV,StrandS
chrX,52500478,52505663,5186,HET,chimpanzee,INV,StrandS
chrX,52500478,52505663,5186,HET,bonobo,INV,StrandS
chrX,52567143,52578995,11853,HET,orangutan,invDup,StrandS
chrX,52787785,52837989,50205,HET,chimpanzee,invDup,StrandS
chrX,52791678,52836231,44554,HET,bonobo,invDup,StrandS
chrX,52914022,52938602,24581,HOM,bonobo,INV,StrandS
chrX,52914022,52938602,24581,HOM,orangutan,INV,StrandS
chrX,54102535,54108305,5771,HOM,gorilla,INV,StrandS
chrX,55036187,55047348,11162,HOM,orangutan,INV,StrandS
chrX,55037549,55047348,9800,HOM,chimpanzee,INV,StrandS
chrX,55038116,55046861,8746,HOM,gorilla,INV,StrandS
chrX,55039907,55046406,6500,HOM,bonobo,INV,StrandS
chrX,55479337,55494099,14763,HET,bonobo,INV,StrandS
chrX,55480302,55492954,12653,HOM,orangutan,INV,StrandS
chrX,55480986,55492944,11959,HET,chimpanzee,INV,StrandS
chrX,58385611,58403533,17923,HOM,orangutan,INV,StrandS
chrX,63184912,63193728,8817,HET,chimpanzee,INV,StrandS
chrX,63184912,63193728,8817,HET,bonobo,INV,StrandS
chrX,64492131,64506247,14117,HOM,orangutan,INV,StrandS
chrX,67825618,67853740,28123,HOM,gorilla,INV,StrandS
chrX,73005258,73077438,72181,HET,bonobo,INV,StrandS
chrX,73005258,73077548,72291,HOM,chimpanzee,INV,StrandS
chrX,73038187,73063192,25006,HOM,gorilla,INV,StrandS
chrX,74378360,74406620,28261,HOM,orangutan,INV,StrandS
chrX,75971114,75992597,21484,HOM,orangutan,INV,StrandS
chrX,80132836,80134367,1532,HOM,chimpanzee,INV,StrandS
chrX,80132836,80134367,1532,HOM,bonobo,INV,StrandS
chrX,80132836,80134367,1532,HOM,gorilla,INV,StrandS
chrX,80132836,80134367,1532,HOM,orangutan,INV,StrandS
chrX,83765178,83801153,35976,HOM,orangutan,INV,StrandS
chrX,101602155,101611474,9320,HOM,chimpanzee,INV,StrandS
chrX,101602216,101611500,9285,HOM,orangutan,INV,StrandS
chrX,102304002,102382965,78964,HET,chimpanzee,INV,StrandS
chrX,102304002,102382965,78964,HOM,orangutan,INV,StrandS
chrX,102807721,102848223,40503,HET,orangutan,invDup,StrandS
chrX,103987667,104021119,33453,HOM,bonobo,INV,StrandS
chrX,103987667,104027918,40252,HOM,chimpanzee,INV,StrandS
chrX,103988403,104050468,62066,HOM,orangutan,INV,StrandS
chrX,104005185,104039355,34171,HET,orangutan,invDup,StrandS
chrX,104031885,104050713,18829,HOM,gorilla,INV,StrandS
chrX,106278100,106288343,10244,HOM,orangutan,INV,StrandS
chrX,106278327,106287521,9195,HOM,gorilla,INV,StrandS
chrX,106279325,106287405,8081,HET,chimpanzee,INV,StrandS
chrX,110551877,110639837,87961,HOM,orangutan,INV,StrandS
chrX,114521346,114552874,31529,HOM,orangutan,INV,StrandS
chrX,120081561,120159396,77836,HOM,gorilla,INV,StrandS
chrX,120086741,120158613,71873,HOM,chimpanzee,INV,StrandS
chrX,120087116,120158613,71498,HET,bonobo,INV,StrandS
chrX,120194615,120212380,17766,HET,bonobo,invDup,StrandS
chrX,120198235,120211639,13405,HET,chimpanzee,invDup,StrandS
chrX,132795581,132846584,51004,HET,orangutan,invDup,StrandS
chrX,135614180,135673544,59365,HOM,gorilla,INV,StrandS
chrX,135620997,135665767,44771,HOM,orangutan,INV,StrandS
chrX,135733785,135749561,15777,HET,chimpanzee,INV,StrandS
chrX,135733786,135749561,15776,HOM,orangutan,INV,StrandS
chrX,135734967,135750374,15408,HOM,bonobo,INV,StrandS
chrX,135890357,135947266,56910,HET,chimpanzee,invDup,StrandS
chrX,135894186,135946707,52522,HET,bonobo,invDup,StrandS
chrX,137113379,137172015,58637,HET,gorilla,invDup,StrandS
chrX,137896785,137906023,9239,HOM,bonobo,INV,StrandS
chrX,137896925,137903752,6828,HOM,chimpanzee,INV,StrandS
chrX,139461830,139526223,64394,HET,gorilla,invDup,StrandS
chrX,141621430,141637741,16312,HET,orangutan,invDup,StrandS
chrX,141698385,141739166,40782,HET,gorilla,invDup,StrandS
chrX,141701035,141738404,37370,HET,chimpanzee,invDup,StrandS
chrX,141705322,141739319,33998,HET,bonobo,invDup,StrandS
chrX,142161989,142189759,27771,HOM,orangutan,INV,StrandS
chrX,146787270,146802789,15520,HOM,gorilla,INV,StrandS
chrX,146790286,146802789,12504,HET,chimpanzee,INV,StrandS
chrX,147088116,147101062,12947,HET,bonobo,invDup,StrandS
chrX,149600667,149653076,52410,HOM,chimpanzee,INV,StrandS
chrX,149600667,149654635,53969,HET,bonobo,INV,StrandS
chrX,149602230,149654518,52289,HOM,orangutan,INV,StrandS
chrX,149672059,149729719,57661,HET,chimpanzee,INV,StrandS
chrX,149678695,149695233,16539,HET,gorilla,invDup,StrandS
chrX,149679519,149723975,44457,HET,bonobo,INV,StrandS
chrX,149681208,149722071,40864,HOM,gorilla,INV,StrandS
chrX,149746385,149771365,24981,HET,orangutan,invDup,StrandS
chrX,149747864,149769760,21897,HET,bonobo,INV,StrandS
chrX,149792401,149821763,29363,HET,orangutan,invDup,StrandS
chrX,149794726,149917280,122555,HET,chimpanzee,invDup,StrandS
chrX,149796957,149933501,136545,HET,bonobo,invDup,StrandS
chrX,149797470,149849840,52371,HET,gorilla,invDup,StrandS
chrX,149823584,149848985,25402,HOM,orangutan,INV,StrandS
chrX,153073478,153076120,2643,HOM,chimpanzee,INV,StrandS
chrX,153151568,153252304,100737,HOM,bonobo,INV,StrandS
chrX,153239819,153250514,10696,HOM,orangutan,INV,StrandS
chrX,154347425,154394283,46859,HOM,chimpanzee,INV,StrandS
chrX,154347460,154395354,47895,HOM,gorilla,INV,StrandS
chrX,154347467,154384632,37166,HOM,bonobo,INV,StrandS
chrX,154585064,154619566,34503,HET,bonobo,INV,StrandS
chrX,154591573,154615168,23596,HOM,orangutan,INV,StrandS
chrX,154591641,154612919,21279,HOM,chimpanzee,INV,StrandS
chrX,155385740,155452647,66908,HET,bonobo,INV,StrandS
chrX,155385740,155454779,69040,HOM,orangutan,INV,StrandS
chrX,155387907,155453048,65142,HET,chimpanzee,INV,StrandS
